"""8f58e9f5014a04465e579e1cd5ff27ee""",afemqwgvfsol0uvulir4.jpg,false,NA
"""990b2b12823f227a2099341f6f77d0f3""",abvipiiggwqh50yodweb.jpg,false,NA
"""71b54d1b6b7f380188e3a64c545a3b3e""",abm48vfqhzelsgpl9xwz.jpg,false,NA
"""440e0fc5266edd9c0b0ef21a997aea06""",ae2mmbmhkawtjhh8nebd.jpg,false,NA
"""3f6b63db28d97532c561e905e83e9cb8""",abkyzbky58xkkrgdxmmw.jpg,false,NA
"""d35c4556e84b7b19f38d4caa597a01c1""",adqg7hnjidqzmhznxnn4.jpg,false,NA
"""c4a03dfbcc25233856ff98d87adc3726""",adryt9gmzc59hxn7xp2b.jpg,false,NA
"""99d387edee56d32a5c351148b3c251ca""",ace4xfcrk8skmzpdexz9.jpg,false,NA
"""e0c53eb22b817d100f08cf301d17d5dc""",aa4ktld5ausml5gexjtx.jpg,false,NA
"""00d299391cd54e1613f2bba87599fe0a""",aejgtobxixbkn0urrwdg.jpg,false,NA
"""e0c53eb22b817d100f08cf301d17d5dc""",a31xwokghmwypiaqyk72.jpg,false,NA
"""6343e209490b73a06e46efd711bfded3""",adra1alvlwdufyhmn2q6.jpg,false,NA
"""8f4db6b5b658f31a09eae60f7384a996""",a1w7pky8sxy3gj47ylfo.jpg,false,NA
"""9b38d20d0f8461ea1b24af792ff0b10f""",ac1sd0jqvl4ukfjhicqa.jpg,false,NA
"""23c11fb51f641a409a68e8bebefa1922""",a7jxyhmzzvpiipyq1zhz.jpg,false,NA
"""9e10988e1f048bd3d593cf1cc38579fd""",abspj08htspsjspg0hss.jpg,false,NA
"""f2c8b4fd1278d8dbcc68630f0fb34c7c""",af2htzfvkkcakdzxbchr.jpg,false,NA
"""0e3d04c7afdbace3ff3d90d32553ee9c""",aao7l6mpxalohfrjusvz.jpg,false,NA
"""90ab1813553a2dd29d0ad658904e7fe0""",ab3ohxpiyus6cdbcgyvb.jpg,false,NA
"""624bbe478e03655938977e9df0499227""",aclesqykhrri4gusok5r.jpg,false,NA
"""e0c53eb22b817d100f08cf301d17d5dc""",a2pwmeoedxym5opxmfjv.jpg,false,NA
"""1a88eba3c57e433692eeb6c0dccc0250""",aepxu3igdpecrilcvrtd.jpg,false,NA
"""c415a1706a20a7a0adb6f75e3be53779""",adwvfpljd6tsbxjjqm3i.jpg,false,NA
"""978528b5e36d1673c48099218b212660""",abgsp5aglinj2hr5vzbu.jpg,false,NA
"""e2011679aa0b9ee65d4748c893281369""",ab7lcxsrcszhvgxqiwqg.jpg,false,NA
"""961fe8809625b3689ede040d0aad3d20""",a5nbsi21mnhg5s5u1dnt.jpg,false,NA
"""5f7715521b17e4261010a1c165d6b97d""",abjongksxh4wooev54h0.jpg,false,NA
"""6221c210e52c4a9db792ef8238e9d53b""",adihr9owpjxffc8ud5pq.jpg,false,NA
"""e0c53eb22b817d100f08cf301d17d5dc""",a9xmxagytcgjtmyispht.jpg,false,NA
"""6f9f01ea57eca750e652b8b69b0fea0b""",a24trmr10fgazierxj42.jpg,false,NA
"""5c7b1dc72fee015c9aebb8f7863ce490""",a3i2uiobecvh8etwalp9.jpg,false,NA
"""4f03ae9b6961a437b1d91a02f7d1b575""",a6bjudtenlpn0mnkepyi.jpg,false,NA
"""383a9cd6b815702f58978d7120d5a7ae""",a7to4hsefqreokses2yd.jpg,false,NA
"""8209dd64c788ddf33eb6cb3c42525057""",ab7aerr7g5d1c3oof1jq.jpg,false,NA
"""2779206c65d824eb8d2cac4381136790""",a3qjwbsglmpnsrl982ny.jpg,false,NA
"""6abc5564298a07a0ba246637509f0c17""",a8pofnzikquaqfcdoyld.jpg,false,NA
"""9dc0924bc1e66c45399f4f0f8ff8f5b0""",a1onwldzn5ynnz4z4evy.jpg,false,NA
"""6545e54c6eabb1e17a7f565bac1f0dfa""",acholg6cbka0u3ibm2im.jpg,false,NA
"""5037b1f23bd785bc3c5d605ed939aa74""",abxeiohydh2gn1iuhiqx.jpg,false,NA
"""cdbf604160119bdf9a4daf0e381a77d5""",a46qygndbi7soxrvcg82.jpg,false,NA
"""42cb6a8bb9d7fb0d7c89ca6a557f2340""",aahvf3qfrhfn8djgn64b.jpg,false,NA
"""d4187b013647bb95a9160427b322200e""",a8gmty2d3solqvcozxsl.jpg,false,NA
"""3f61dccbf190fe83d17b70622926db2b""",a8g3brsyupfpvopzg3r4.jpg,false,NA
"""c615baa1e420097041a706ac99b8a6c0""",abn0zilnko00hptjzd7q.jpg,false,NA
"""9c973196b077a802ecd4e9472525d764""",aa18rlapvkrsvrla2buy.jpg,false,NA
"""929b45c86641f8b19fd4f54bfcb51786""",acl20bt73hybjwmai1f6.jpg,false,NA
"""22d85a9d3134a43de713ab0f4c465dae""",ad6gp4mdayhrfyl44eue.jpg,false,NA
"""e0c53eb22b817d100f08cf301d17d5dc""",a3oulz82s02ksqom5sc8.jpg,false,NA
"""467592db3b7d98660aa7e5056e7629fa""",aegguf93nddacahzuyup.jpg,false,NA
"""4cb7dfaf478a78f3e9f1b609fc22a322""",a3q1cvepyiqialppljkc.jpg,false,NA
"""9608d59857fe6bac721c835c05bfd84a""",aap7xly5nsbjjwgcsh3j.jpg,false,NA
"""a4ec9f698dc0e70fd4360fba6e35de3e""",a5rqxub7uwwft3vwonle.jpg,false,NA
"""164f471272e99f104e0df21c7f952197""",adso8o0g6rju9jneco73.jpg,false,NA
"""ada0abee0a53138c2a9e4b9fc758b162""",aci383nbahxtemdtr63r.jpg,false,NA
"""01e56fb8a1fd8cf7cd8692cf09db0261""",a87ysu5hdxus7gd7yl4o.jpg,false,NA
"""ab3498bcaaed4a9ca1512f638d6296a2""",aafumzd1dhetu1r2vton.jpg,false,NA
"""9d90e12fcf7dd1b271bf33a67c286b26""",a8hsin4qmit3ux8hwxot.jpg,false,NA
"""ccc943491d67f4f1dae1ec4ab80815eb""",achkln8dsydkoumfmhxj.jpg,false,NA
"""990b2b12823f227a2099341f6f77d0f3""",ae9tubrf7sqm37gtwmmo.jpg,false,NA
"""ab4f15d3e22772bbb372e9c99799ef07""",abwrsrnkhcug5pnvarkz.jpg,false,NA
"""31fd9e09a6b0de5a49c6a150ae362ef0""",a0xjoqkpaakrcqjfkdnl.jpg,false,NA
"""bfcfc6bad8354378a444b39ed774ad76""",aae3anp8pta0ihfo5z8t.jpg,false,NA
"""dfb5d89705266e513af34887597ad06a""",acprwftwriijbijdtuz4.jpg,false,NA
"""0a1483f46c192fd60e165b39c45692cd""",afjbspwyfktbccjxtg9d.jpg,false,NA
"""4d944ab0603c603faa1f930c6879950b""",a5svxsezya0mhqz0irsd.jpg,false,NA
"""7d0bad6fed02ef3e05ac7c041cc4a2d4""",aa87rs7sir42jpkzp7jq.jpg,false,NA
"""6c33c17d43cfb8ee1713178bfa71c1d4""",a7c7yadraiqcnpxuarka.jpg,false,NA
"""0c1a3d25d51615001a529b443c85063d""",adeuc68yyoockmpukhzj.jpg,false,NA
"""16d26382fb504e29eec9fac49c2fa4e2""",aee7w2q1khi9jz5umyj0.jpg,false,NA
"""f3875d616d644e6526ac0ce6c0a76cd0""",a630kw5iyupzcr8smydv.jpg,false,NA
"""2a23ba2d00f8a79c293d1f23effb855f""",a70jwiac3ul6vifqbswf.jpg,false,NA
"""0aba78e5ef950050b1dc9a855639dd24""",aipqf3d0eywm6sngeum1.jpg,false,NA
"""b29c84a6e1e135f06524fd91434de2c5""",affdio7b1ni9rp2o5q00.jpg,false,NA
"""a7c105561908d28a622a98d6996cf501""",admudqfilytbjxvgdtou.jpg,false,NA
"""0707a66f7ad57d9e022ffb65c6a37d13""",aemloerqmy3bhrncwfh5.jpg,false,NA
"""3b581e09116ab666455678a889d277a4""",ankzdvdxjs535jbny7zb.jpg,false,NA
"""27f82cf2deb0ad3f2f09a55a7f545792""",aeqh3x7ztjtmklfha45t.jpg,false,NA
"""a7a61b79c7993e02aaf403b48498dc74""",aduc9enus4q31rlldfp7.jpg,false,NA
"""16fadc03dad1e602b7b25857b9e5bf24""",aoggkhgqn5xyxr5g09ms.jpg,false,NA
"""00e58c71b429ab6ffd317b89cc29d632""",aism8x1ltfyk7tssmvgt.jpg,false,NA
"""436e23751ae3468c854f358161f5aaf4""",afu5hreq8hc8mecxkjkn.jpg,false,NA
"""1848b48b231a7622ca1049814d7c682c""",al6icysbldscnaaputv0.jpg,false,NA
"""b9db83ac12aa95f129d1729c4b3b0382""",arnuwgegdyxlckorx0fu.jpg,false,NA
"""d55239e6cc657eb430574dd5cf0ab927""",ahotl1vblk1arhplvqia.jpg,false,NA
"""8a7d85e291b5014d66d383053016d14f""",akhsabubyzve07jzj0dn.jpg,false,NA
"""8f40119c75919fdd27fc99af6fd70dd9""",a7b9clwmhrsjrjohavnh.jpg,false,NA
"""15eb1f34b3832414ebeb5d8e3d9f67ed""",aossrbyms5nkupxqoc5w.jpg,false,NA
"""990b2b12823f227a2099341f6f77d0f3""",alhzvbhad4oklacngjb5.jpg,false,NA
"""e0c53eb22b817d100f08cf301d17d5dc""",ah8vwgpw0vcaqqthc3mf.jpg,false,NA
"""a251762ca16ceddd0fc2b136d6048395""",ajndkrakv5je8wb4x2sj.jpg,false,NA
"""5da8b4e1794be13c05a211c8c33e6293""",adxkfokwywp6a3i6h3kl.jpg,false,NA
"""b75135ee310fd1f7a74e6d06d8b3c940""",aip9oy03lmlqeceomnbp.jpg,false,NA
"""b2b59810775195347d416ccd30f7795f""",akk4ctl7lftbvi9nsctc.jpg,false,NA
"""b1ee264ba4562baed814e45f2b8cedec""",ai1bgvyfotmsytryimjo.jpg,false,NA
"""658096678aa43bca96ca38ca9119d095""",aiz9hj9mcukhpja1gsfn.jpg,false,NA
"""795ff9c622d3bfe737bf098a3989cfe6""",ajp1glon8c9zykubkdn2.jpg,false,NA
"""14c06278caf1db5faf54667c7478d0c0""",ahcvffuycjwhq7ug9myl.jpg,false,NA
"""1ccb5775fc30598e0af399bb06aa1319""",a8evsj9ukvpnymwdja3o.jpg,false,NA
"""d92d76e91ecb63fbbfc96aee78529d19""",anxstwdi56wycdtmx0xo.jpg,false,NA
"""c9800d9429b307aff8eed8783542cc03""",apmdtuv1qb4dmwmdajcg.jpg,false,NA
"""af0ed9d8b27278ff8d3dd9fa5e16f3ca""",artzgzhkh3razmmv4x85.jpg,false,NA
"""2486142755771c1ddccd8787cc08011d""",aq2xbmji01mv2mqm7z7w.jpg,false,NA
"""12f1300177a8f6db4c02b2ccf7cd9bb4""",ahqgbabr1uyx6gt5vfdq.jpg,false,NA
"""e45fc9519573a967b28b92d0eaaff616""",aoc2attsnkrmv46tgnix.jpg,false,NA
"""559c1daa44d5a2dc3ed4b1281efa575f""",appjvnk71ii8gw0w7nhg.jpg,false,NA
"""990b2b12823f227a2099341f6f77d0f3""",a3fgnmxnqtrhidwq3ihj.jpg,false,NA
"""fb918ff61aaeabc967fe1fab880dc59d""",abtwpj7z9dfuxwnzxent.jpg,false,NA
"""69a46cc57ee04d48c82186b4eb43ce00""",abadxl03gvrqcgzcxdsr.jpg,false,NA
"""fe9d8ec1f05b241da15e5815cdb495eb""",ahou77mnkwsss3ekcout.jpg,false,NA
"""8e8fd640f38c80263c1c79dbab614517""",ary2is2ydgxcmm1mr6ht.jpg,false,NA
"""1b4538894a0bc6e69b649daa34d8c10b""",argcaco5mys4muynd7k1.jpg,false,NA
"""602713c060c721b4e2545550490211d8""",a8zgkb8hq109id5mjq3l.jpg,false,NA
"""e0bbc93e6d3aa5cba27ec3f85e569961""",a2fstnp8so2wo1nuk97c.jpg,false,NA
"""8014b29b4ea77c7c36beb80e543bcf40""",agcf6t6ivfdjrs8selgs.jpg,false,NA
"""b03980927c246693562721f428e00260""",arc4mcbkfj6ll6lnrrxn.jpg,false,NA
"""28ad1de0b014a54c6fc6e044315ef70c""",alwkxcq3vieytsq61s75.jpg,false,NA
"""50da6882c571888467c7a3f2740e2c12""",aqpx6wxcnl82whfpbasl.jpg,false,NA
"""ea3af926ff056bbff58a688484bdfd72""",as5ta1a10mngvuq7xwbd.jpg,false,NA
"""fbb04efc39ce809d5a209ccb5be9437e""",amvymxmkluiqxtxxeuli.jpg,false,NA
"""6c28dd2e9a51d2d99a45f983bbdc59a3""",adfcz7hsltvrahj4ae9x.jpg,false,NA
"""f6328c4edbf54f31651579ddf7e91516""",aao8jjmsrtnyggbwkz9h.jpg,false,NA
"""fe9d7c21817f0b9b55e9dc7db9337ca8""",aj9cpbcoupvxumhg1ri4.jpg,false,NA
"""951d99712305d9f3f8241e59379f1800""",aifemevp7xtsfw6o6my6.jpg,false,NA
"""106690940e871b9d6e79065de6aed0a6""",acub6vwxmjv3px0b07pc.jpg,false,NA
"""e0c53eb22b817d100f08cf301d17d5dc""",aj1ootitetf4xvumlb51.jpg,false,NA
"""e19a5d8eed78ed6123a1ed77b096488d""",ahrdmxcanxnbedk63l0t.jpg,false,NA
"""d89708cb1179f76089ebc0332b692c11""",amdvuj6jfkfrpnbsum25.jpg,false,NA
"""a142cfd6ef3bf7a3e0a72168fb2aceab""",am1nbrndcsqhx2qmk0ce.jpg,false,NA
"""4069e3950921412f7b9b24e5e2d44b95""",aoaenxwep1n1nh3nmzcw.jpg,false,NA
"""28ad1de0b014a54c6fc6e044315ef70c""",ahqiroivbxnd92jaomwn.jpg,false,NA
"""6e70ad1722d28a1ee4845a8f1a5edbec""",af0ig3yhlohpecbvllmq.jpg,false,NA
"""019ef73b77b572e5e442a8fd7b704ccf""",agy5bnkesggi5wkt1erf.jpg,false,NA
"""86ff951a1160b9b78f7e567a5faecf06""",as5qohl8lxbzt2qzkvpt.jpg,false,NA
"""27359f6127a26b82e19058ba2073bca7""",aikg2aazl0gn0pdtifp8.jpg,false,NA
"""e0c53eb22b817d100f08cf301d17d5dc""",aeunwucy4dzphvjac57b.jpg,false,NA
"""c7bb11c3b24dde91e800425ba59de325""",aisrosrxrv6tndbpradc.jpg,false,NA
"""b3272d80cdb46d8e5fb6f7cd4b805504""",adkft9jleyqrz3gmivlr.jpg,false,NA
"""3737b44f85479d5c0a62acf4839cd54b""",a24cjpwnzsmla7na8nah.jpg,false,NA
"""535ce7ab1377267b54195fa18464e00b""",afoaj8p5l6izv9unzvxi.jpg,false,NA
"""d55239e6cc657eb430574dd5cf0ab927""",apebb63innqtq5ntvcw9.jpg,false,NA
"""76ce675d7e4ff8c6e0eaefd4615f26d7""",a0imsveyzojjn1eei3wl.jpg,false,NA
"""7dc08e1195ed29fe19cc4518808148c5""",agp4iwf9nstsz4trxtnu.jpg,false,NA
"""fb430d21560d0aee05ca9f1d18957226""",aklgvxsyyqiso7on6pq6.jpg,false,NA
"""da50b695d983e0a854a1d95bd6b9dd1c""",ahkr7mbw5mdxfmy77yfc.jpg,false,NA
"""5234c304e171a66776d2cd5750fe8917""",amkgtytkbi4yxxx2xsk5.jpg,false,NA
"""af5f122d8a4723798e2929c79650b7ff""",a0kehq6va5cerfhf8bjj.jpg,false,NA
"""e804e24c00de123bdd7987fdb1fc5e12""",aple8bn2pkyo29vtdmtq.jpg,false,NA
"""fad27cbc3e03a7817795aecd2d046dae""",a2hqmzoyej8szjaqwdxo.jpg,false,NA
"""c05294e2d8d98c05f351c895a8229fe6""",a5lsfqg8rhldkc07zznv.jpg,false,NA
"""05978836c6fe982f7046953dcef09ce4""",apruoiozy8kvu3bn84c8.jpg,false,NA
"""08488d64d0d3fd715e730185736066b8""",aqthfdm9u6dqspkdls9h.jpg,false,NA
"""cb093b02d28ee1c0d48651addb19677b""",aplkiqovhbjrd4hryqdq.jpg,false,NA
"""7d083c2be1cf4ba3aad5deb8f95e8191""",aq6jzlwqinkctqf4kxnx.jpg,false,NA
"""e0c53eb22b817d100f08cf301d17d5dc""",ark2g9tnaxazzpiiqoh1.jpg,false,NA
"""84319010130f5bd8bb93c59fee1e16d4""",ajz76iodoq3kjppveu9a.jpg,false,NA
"""84fa4bc9a2828c485539269437e87c04""",anlojqyboml2wy0nc7vp.jpg,false,NA
"""f13f4c23f0b82de3a4cffb1b05ae9114""",anqawza7qvc2rgjmw0qw.jpg,false,NA
"""5dfc8e09d2e32d128dbe69ba9d3bff28""",aox7fnl32fspecotqssg.jpg,false,NA
"""2b44ef6340a32cb6d1fdc42ef87929b1""",ajdqpqvjdngt8agspwbw.jpg,false,NA
"""f71169911077ef8d2ca644d5b10564e5""",a6w3eojlgugoaj3h1eg8.jpg,false,NA
"""6c50eaa19953cbac023e0a8b7e9b15ad""",apcckbhduyxzumgfrpuc.jpg,false,NA
"""a875bb45e3a0ca0ca23c0184dae2e25e""",ak34b1kadbqel0qkcexd.jpg,false,NA
"""5627f12b55c5ce062de0e3ae05e13851""",aefopywyc8xizrz7aw4g.jpg,false,NA
"""8b416eaf75de12d6cddf46ff45c4a384""",ad2iaf0ysppkj3s2vrjm.jpg,false,NA
"""8081729686bf5f84f7c80b1a3b131d4c""",aotdi8q5tiawp6wwahcu.jpg,false,NA
"""fd6f291d18d3ed5d20a2833c3ad053eb""",aocu0mqlc6h6oxkhjs2t.jpg,false,NA
"""1bf7c708cd4df4fca50ed847a91428ba""",aakjhyhwtqrm1wctlhlc.jpg,false,NA
"""a7aff17ae4435c330411423ed0a06cc0""",a9jn40wgo8rrvizhipv9.jpg,false,NA
"""f2db83fdc2f6042bdfd945e3d186e03e""",aiirxy3sauqvspwlto2d.jpg,false,NA
"""d92d76e91ecb63fbbfc96aee78529d19""",a9hfyge8xfs0gpekznsw.jpg,false,NA
"""e61f6e7fb082fef1d5025c194e8d34b1""",a3f0ul8fet1k2jj9dbsl.jpg,false,NA
"""bfd5773678603a2bdc941e2d3a6b3e57""",aj5whfwxinzgytj1rfav.jpg,false,NA
"""4804c97e255a31809d757fa0840fd6ef""",ae40la0qpzz4kumntjer.jpg,false,NA
"""864a366d3fbae97200d401bb6468c0a4""",akt9lu6vxwucs7ftfyaj.jpg,false,NA
"""4d57410ac42676ef6d1b086bcfc2d6db""",akcucsn1hrgjjsdrvaan.jpg,false,NA
"""14741bfaa08486b3685550c3b8a5e40b""",amxjlpyupdd8veesqefj.jpg,false,NA
"""005066e6f9b9c098e2346ac9a7acdc7c""",alnmcorx0xmztbleczcj.jpg,false,NA
"""106690940e871b9d6e79065de6aed0a6""",aehexgbz5wowe8avae2g.jpg,false,NA
"""035c7c7a4e99e950f4e0bb236fb827d8""",afvqxnqnrderkrgjycj0.jpg,false,NA
"""50b16b082e276d870eff126685cdb583""",apsyuesqxeymrdjyw0je.jpg,false,NA
"""10b56b006deac80a18c79fc1c2771fb5""",aa6km2hf3ukrclpf7esu.jpg,false,NA
"""af8cf7c3875864bc485db6dfa292fe5d""",a1qczxwaio4696ajh3n6.jpg,false,NA
"""e77a0fdeab570348f57e19656529b463""",acvk4gxmbtlzbbgovuk9.jpg,false,NA
"""798916e495122398f14ed746e2cfa847""",ahlbmhryol62oofwas5w.jpg,false,NA
"""6851f42a4eb5bfc0fb513e927bae1af8""",anzyb76axszijkpdcltp.jpg,false,NA
"""7e8be967268870e65494474d51829a34""",akupbuqy9hjzgwclb9wq.jpg,false,NA
"""cc3c5c522f986f5e040b454f0122f875""",acq4u5ovbkpkejfeappg.jpg,false,NA
"""8c0ab4304e758c10ce936d09f0a1f216""",a6xshghj8t6nxz4uaox1.jpg,false,NA
"""e0c53eb22b817d100f08cf301d17d5dc""",aihgv7zoxgcf1ntjhwo1.jpg,false,NA
"""87e69761ed3ecbdd49adfc5ad66de05b""",ak7zm2nr4vyzqj1ijqmw.jpg,false,NA
"""43975f27ad2fb4bb7e6ed69e801ced4e""",ajdyq6gysy3xgs8cty07.jpg,false,NA
"""f6ba7f44a4b814aa060f3995e5faaea4""",aorv9wjwcod0ogift3bo.jpg,false,NA
"""2518e693d55a258965f3b150b534a14d""",an5b20gdnfhtttu2wivl.jpg,false,NA
"""a4f3c60e3195cbcc94dd055b6372636d""",amfsjuz5keg1y4sderbj.jpg,false,NA
"""cbcb398ad6596061e192b0987317a26a""",aplnklft4uvg2p4szjwn.jpg,false,NA
"""04bbb284fc41026298ca301cb82cdc28""",aopwqisk2fscgwcj53wh.jpg,false,NA
"""c258688bf90e51644cf9f53af3da19bf""",ari8inuba379mox57tnu.jpg,false,NA
"""20181c943d705d8b368662e4ab87be34""",armodijvxnvn8fxydurs.jpg,false,NA
"""572e0bbf5d423ce21d706f2b0231cd9b""",ahhqah35x74tl2rxjy2s.jpg,false,NA
"""f71c13901ea488cb18daec363484a8c4""",aqichmpocqiofca6dbvz.jpg,false,NA
"""25eac569b52ca53447ffae563f064b4d""",agee0tl0gr71yruq7cdk.jpg,false,NA
"""6d1694e27227fdf4474ee93bf77c0c4f""",amxrtuu6dpzt8kyrmegu.jpg,false,NA
"""c918196a2880f0e3729bd1cf17ac3cb8""",arduy1c4cs4fhgyqzwcr.jpg,false,NA
"""00f79441c52b7173e77950163a2eed65""",aisboqbbgsye9akwivcl.jpg,false,NA
"""2b6a5d75d914e3f7b4d8bb1d13ef16ad""",anc4q0iri165i7ckvazu.jpg,false,NA
"""4fe852ccf7b4368ec459bd70404b8bca""",akmey7s1nwoxuwtxfx68.jpg,false,NA
"""78d3413e4772e7f76edf3c72400ca12f""",adn7e4hj3jkzi2qkhfny.jpg,false,NA
"""dc477a50e2d534ba185061e5b01b187a""",abuayexy2x2gblwff0hu.jpg,false,NA
"""9cb7567c648e1fbf084f973ef7882713""",amjbso0zujnuiskjcef2.jpg,false,NA
"""affb4e9ca0c45948cfad045d17d7fadc""",apdg0hjab7xm9qksu4j3.jpg,false,NA
"""60899088079841d9ee63f15a8679da2a""",agqhnygjmmulbvwpo4d0.jpg,false,NA
"""8baa1aea2aed9ad17c1c00148ac51c5c""",afbauwlrqz8heiomlddi.jpg,false,NA
"""fb073a6a7bd1ab694712028888797a21""",alapjtyrtzr4jkjufdsu.jpg,false,NA
"""6b1103a5c6f36a7df93a8cf3023e6630""",al7vxhgskanfpqlrdkfz.jpg,false,NA
"""6221c210e52c4a9db792ef8238e9d53b""",aetcs5ttvsv0avwtnl8j.jpg,false,NA
"""c54275bdec3de49e52834f1c175bda4a""",a9nqkgfxx3snnhaargiv.jpg,false,NA
"""46eff0eb7940a1a84e3239fe7ab93767""",ah47nmi9goo5u97bfjah.jpg,false,NA
"""6a8cb038f6b4f0ab787179a6684eded5""",apudgi1mqxv7vqs975ha.jpg,false,NA
"""59a59c68741124b154531a7bb0915ec9""",a6eisdnfllovdbeqqo3g.jpg,false,NA
"""9e094b163a2f5367fc2f020fd63eede6""",aeawof5jux2yjbgouotr.jpg,false,NA
"""3985bd87b0ee62e987c0403c2ebdb726""",b8lfym0vau4usnkkzh4m.jpg,false,NA
"""a06424f74a678c92f166e72b67e30adc""",adwg6gmcpnwn7bqkgymo.jpg,false,NA
"""735162fce186c2664851e7a46c0bf986""",ayi7axetqav6i2dbhlt7.jpg,false,NA
"""ff07080371cfe11e8fb15acdab17b63d""",ax5ji20zldvmtedehmps.jpg,false,NA
"""3b486e8aca16771dbf0c81ba83d1ff88""",as3rs3iuce2z7iehozml.jpg,false,NA
"""59397b8216bdd835227333ac9ffbbcad""",akmyf3vfubvxrx1gp5ps.jpg,false,NA
"""a280117f9c989c8f405de97160bdad67""",anqgzsndatnswvc5rqkb.jpg,false,NA
"""9d45e2f9f0c893dc88ec67c3b6407892""",b5jbgtpurmsa7bf0xywq.jpg,false,NA
"""c716faf1043f26f128daed82ebeb80ae""",a1wrbifja6tc3rrukqfe.jpg,false,NA
"""8db2200a9df73b01ec50d17593ac6198""",aokpldnffkr8db6oo27v.jpg,false,NA
"""ccfb2b5174c3748853a8ca91e4cf19fa""",aqnznju0wcntabepp2qs.jpg,false,NA
"""1a33e82603de11de6393dffc966fbf2c""",ako7tbewj95etgbr6hu4.jpg,false,NA
"""7059a0b56f794309d7f48b552eb435bd""",b6vuqi3lqhix7iwghn8y.jpg,false,NA
"""04eef7ae96fae6042db39819aedf5584""",axp6y3au2wam8nu9se7g.jpg,false,NA
"""18dfa1c84d4db5003a9acc8f2a8e86f2""",a76iebsbjzaglebv4g4c.jpg,false,NA
"""df96e1067c30503cf312d8e1ebdf1b51""",awjzuoxbhwmr28e5ynzk.jpg,false,NA
"""3ce0b3274ba0073741850a33a866ab0b""",ay0z88ji0i1rnssenhp8.jpg,false,NA
"""e9688f3ec53398af9a0c1d57b09517ae""",axlrzqocgsbeln9ferhp.jpg,false,NA
"""e0c53eb22b817d100f08cf301d17d5dc""",b2cy80xusruiyacpmxqd.jpg,false,NA
"""59b36eee1a46b3a1358ba84e47902a78""",ajyl0ahfhawqvvvabebh.jpg,false,NA
"""46820328f975ce73036b4d45169187ad""",b7oibsnypgyadztc9kmk.jpg,false,NA
"""4bc2a959d7469817d11caf7ea42bd735""",b11cvqg09yzfspbwpz3o.jpg,false,NA
"""0566be320395b8aa950c6686902f201f""",bcj8z6qt9vscvyxjolto.jpg,false,NA
"""15d72b2d5aa55be6a07b81f06faade55""",ay8qfyyujhqlvb5ggs8c.jpg,false,NA
"""5ca6a71f795a22f8a532cbc547bbd69e""",aflio6rbuvdh4wwz1zje.jpg,false,NA
"""f73f76a2801ba3e7fb9b497601e7e559""",ax7yl4rewlx5x8eylzxc.jpg,false,NA
"""a86dc1a84fd202315939976eebd8d569""",agdtdxk8xpunzoq4yh2j.jpg,false,NA
"""93c0c079129f43aa8adf1d3cd2db3fe3""",akjkrtty0rhrqekglqvr.jpg,false,NA
"""9d38464d1e328d7fe9715f19354e4fc2""",bc8u7b2sb3qliqiordjz.jpg,false,NA
"""ed510b1718a6ec4ab90d98154ad223a8""",awuwxwfg8cnyhsfdyrmw.jpg,false,NA
"""0d286bd71e02c711a5838ea12d76ee15""",ben3qkolyewkypmcd28m.jpg,false,NA
"""02faa94794b51c5754538b068c6ec704""",as4abidwrhwjfmvgumia.jpg,false,NA
"""8f2f4101f480661c7c3114c6b14d44da""",bkdwjxqg1tjhydzahr2d.jpg,false,NA
"""2531889a7f253e87bb6871cf61816188""",aoink6tz1szvecegcynr.jpg,false,NA
"""8960458df1f11fa26a1a6b9e7530e586""",apabkpnpl3oyfldtieey.jpg,false,NA
"""10c11af7c393140fd70918940ca69a2a""",awhi5awipfvd6yydasbb.jpg,false,NA
"""814a09b29e12a969aa5d768ef8b87ea6""",b9wbslz79ugxeoj1dqpq.jpg,false,NA
"""da46c1a35e7d519596d5be5317066103""",awgjapgouperbf8qitj6.jpg,false,NA
"""af9887f1791d98210a76c879304dfbdd""",ahb8fx914b9bln1lvrtu.jpg,false,NA
"""990b2b12823f227a2099341f6f77d0f3""",avjpididmfhavwo7t6ft.jpg,false,NA
"""ab9456534cc8427fb0494925e6e79b7f""",bfs2vpgozgwuvqywkmug.jpg,false,NA
"""7c41195f37911aba99521f44b798df0c""",afrm4czmfownc6swkrz1.jpg,false,NA
"""33162dd1d55c76886f8687ed4cb80070""",blirjegig3pwud58xlgr.jpg,false,NA
"""c7154395854916492361df963f901490""",b1fregxgai3digmrijsb.jpg,false,NA
"""5224656267db167c0b1b09b5597c1ac7""",adeqeg5ydaqf9p33u8wh.jpg,false,NA
"""7abc5325e20d3f0c6ed09410b7d9fd95""",b20p6v1ij1noaub43wgd.jpg,false,NA
"""c0e61e4b531712f559c9274d2d6f6f36""",bej6jqfphkxpkqfdj8a7.jpg,false,NA
"""f6c07f20f53d8171cd42a94ddd8687c9""",bhoy544eyhtzyoh51y19.jpg,false,NA
"""fa37d51c01ff31119ccf7ddfe9dee373""",bfgoc587rmeo9rewkslv.jpg,false,NA
"""59535bd56da37b502388847f901acbd8""",azhrsswmuangofqdqvzh.jpg,false,NA
"""b3f1b1c46e7fff3bbd3bac1e9477b090""",aua0qdqmbzqtvdwnfl5y.jpg,false,NA
"""e0c53eb22b817d100f08cf301d17d5dc""",atykofkjir0lnbqm1aju.jpg,false,NA
"""eee0629158e949dc84a9f6830ff952f6""",bdqerhb3xxocmtjztqbr.jpg,false,NA
"""98ea48c6e6aaef01bd5736b89856e086""",bdwipbyproa0jnf1tqcr.jpg,false,NA
"""f80aa6da82c6491b2ee848001b6b5817""",b2jmwxkbg4pmzq4rcdyf.jpg,false,NA
"""ec86611bf43f566c32c13b6021bd9c39""",biigozy8gqcjqvq5jift.jpg,false,NA
"""e0c53eb22b817d100f08cf301d17d5dc""",aekgoa8x6wj9eodk1d3x.jpg,false,NA
"""bb3e6f83aa8ecb083c93171561a94f47""",bjr2hjnzghr6twjgu3fp.jpg,false,NA
"""642c6d4914d6a4863aaec285ab3e994f""",awmycv3uszgrcxkm6ux2.jpg,false,NA
"""de228bafba8efc8ba77af6c63402359d""",aucgl30mhzdiy34i4v5w.jpg,false,NA
"""1615ba668015aef6e656e7dcfa2758d9""",bixu91zuxwm7vo3wa7ik.jpg,false,NA
"""86ba1db008834122df14e3febba0d9cc""",av8gwo8kmlgmlnra2oap.jpg,false,NA
"""f62334d9d8d6f55e4179d04c15ab927c""",b2ju8uxjnvldyg646sfz.jpg,false,NA
"""5c7fd438c29ece792316e98324655cf4""",awbiipmewisbso0btqj4.jpg,false,NA
"""d6a5dbda453a02f621cd2cbb2b8c73ab""",b1awhrpmdfx59v1wdhu6.jpg,false,NA
"""cfc52cecda7eaf183efac5497ddcf79d""",bl8c6grt0gp4e1gofhur.jpg,false,NA
"""0877566381606fa42ac54fa1333423fd""",bla1oka6reasb7mhylrp.jpg,false,NA
"""6d17c1ec45c2c30279bafd6293941de3""",bcqkjuozxjwo8v5mfffi.jpg,false,NA
"""50bb24cc73e44d605fce411d41160f5a""",bjomwwf4c0cttnot64sk.jpg,false,NA
"""29737b840e66a8e06177ca2bd3a60abd""",bgpdlh9lwk94acmtibim.jpg,false,NA
"""ae26f64dbf035f03fa454e9a2d082dbb""",bkp7iia3cqkyl9ftctkp.jpg,false,NA
"""65f7c3e56118e10a2414a4c7ae68fb77""",benibwdwhetwuqgexkoa.jpg,false,NA
"""26530331b7352479d4dc72a83462c10e""",bdkiaqeiwxm5am7bdt9i.jpg,false,NA
"""a666cc89bbeb8e96962e8c841a90de03""",a5psmd3keczjzqokrio7.jpg,false,NA
"""fbaf50d0c0eed4d61564fcaf9b983a5d""",binhuzeedumzb0momb9j.jpg,false,NA
"""dc06cf02b9cf178e39dcf451dad27f0c""",b428x0j82yzo2cmaqlha.jpg,false,NA
"""f67ec1937fdb495487e1b768de9ddb53""",ami6wk7mtif2y3fvfecu.jpg,false,NA
"""df92af9764fc260a0bd44d8fc05c3e41""",awurnbybx9vo4dm0jrct.jpg,false,NA
"""7efc0696656f3fa94a246bea412fe2e3""",awyaufvlnwpgp9fqz08j.jpg,false,NA
"""7f9007243354e6d025731b4b99bc423a""",bixaqw0qg0nada4wdwpu.jpg,false,NA
"""399924c498fee9730ba036398f44ab90""",bkbclay9pktikf9dsmn1.jpg,false,NA
"""990b2b12823f227a2099341f6f77d0f3""",bjssvqabookr2wuynyov.jpg,false,NA
"""54d011b7712dc8f3a99703a484dbb030""",b9qr4urrldragdfesieu.jpg,false,NA
"""119daf4085949c11d024649ef501a02d""",b4ib9sopcq0ybgj36qpf.jpg,false,NA
"""75d58d093a8a8d585bc4aa950f271141""",bfyjtsfxe3ffgi320one.jpg,false,NA
"""b3a01f4cc5bd7b09ca3dc02b0b314688""",bdmk4pd1n9hjxxowndaw.jpg,false,NA
"""7bd0d0e1b273cb2d4f1f0a2e430d6d8e""",aoywuhrb0oojvounxy67.jpg,false,NA
"""3a037c5cdcba69426a7166080db39b89""",behhf9hbuy5h8qu5xqlm.jpg,false,NA
"""1a3c9710412742b07d7575c71de90fce""",ayshmkuut4f8vcqfxwfg.jpg,false,NA
"""d084d059b5caf7ae6f9d86804be3d0ab""",a6psxhlbpmcn0wmxwahf.jpg,false,NA
"""9abacdcb8ce18ac93849effe73c4b877""",bi29cs3aw5km6a8510kv.jpg,false,NA
"""1a4cbe435336c4b2ae0a3ae3c050eea3""",bhrwx5nd7zdqu5p7ltzk.jpg,false,NA
"""0d1c15b006d87c24fc7a7e9b6810e680""",bl5l8ojgt1ewjg7ycckk.jpg,false,NA
"""416ad39d725f30955dd365845e2506fa""",b6boyhjvzwvr0934lfuq.jpg,false,NA
"""0ec9bb5717daadc99bd8896f9bc153ca""",ak6p7cyflqieoma7rjuv.jpg,false,NA
"""320f3d956543cb203f560f27707475b4""",amvninl41rup8cvappve.jpg,false,NA
"""e7b26e717b04656148d85edcfe1c795a""",bfyhxkly8kaz0uh2og9m.jpg,false,NA
"""f0de90458c3b1c2203cfad5398391900""",ajwl4kvxb8dorjywamdj.jpg,false,NA
"""e3d1268ea73421120718ee55e2ecc94e""",bhvix2dymvadlmwvvhum.jpg,false,NA
"""8276eec4a865b3e440f9825fd1150774""",bg7ghsjb4tydn6jngu4f.jpg,false,NA
"""4c7f9f54d7506d5526c46895a9ab12a5""",b8paxp5ahukwk7xiu0ko.jpg,false,NA
"""2dacc62b6517ee7fd53c85e622a48f4e""",b9frff6xyua1u4lnpfaq.jpg,false,NA
"""691fc2b92ba12563c5a30a32cda99d13""",azlweqzti13a86t4zwfo.jpg,false,NA
"""a44463b29f2868073257804b3f46bebf""",bftl3yarroarvh199ewz.jpg,false,NA
"""7c54a0ba7087a0a06ab11b9526f78046""",ayj2bqsefftouq75wlti.jpg,false,NA
"""7fe615c5791ec1b17c4391461cc6e3d3""",bjalqzz6tzia69mbfv4q.jpg,false,NA
"""7d3ce8fb58dbd5e3eb8e5352b26bf393""",ahvujlrixso6rigj4oc0.jpg,false,NA
"""990b2b12823f227a2099341f6f77d0f3""",b9holi8qw3ypllg10ztl.jpg,false,NA
"""2b28f81164f236b0064b21ce75683055""",bex8mfitgx1maalad5d0.jpg,false,NA
"""27f896ef2e1580a6acb47bb87b1663ec""",atlhdtmnkf1dxgekutrj.jpg,false,NA
"""abe8c051b4850703a588ca91f0568d70""",bctebrsprwjp94von7gb.jpg,false,NA
"""16517b65c9273bcf30b0cedbde715ca0""",azac9ajebcqo5cfia6yu.jpg,false,NA
"""af9ad7164027832b3671640dd3fc7c88""",asmzdcy5gnohhvj4ifzu.jpg,false,NA
"""e0c53eb22b817d100f08cf301d17d5dc""",beono0iwborudlsi9cln.jpg,false,NA
"""bb5f3eadd8be2f8e8c760820a9776613""",bkp4pfrq6xgsby6gq6f4.jpg,false,NA
"""ce30730698d075ffaaecde3cdf50c7e7""",ap7sxei1wajzae4ujblp.jpg,false,NA
"""62baaa385cce4c6fa047c8b144c953f9""",bewhjb8ap4epojghixbt.jpg,false,NA
"""2e015fc62b7a72f9eb7ab63bb975b894""",audr8bojaf58cnzgt3zb.jpg,false,NA
"""52401d3dc190cdd7520448c5b613b401""",b8da0epbo73pswl2gsje.jpg,false,NA
"""e0c53eb22b817d100f08cf301d17d5dc""",atnvcnr4hegqax29udww.jpg,false,NA
"""943e728fbe668ec40a26a7ee2002f754""",bk9i3evye4u8vzwf24w5.jpg,false,NA
"""e58322b083efccf84bebddbb5a0e2e57""",bbp2jhddbm6eh5ok3xso.jpg,false,NA
"""b04c9cec84c6963b9826bdbd918d0fd0""",beyqu8ssf8ch5mnkvnk0.jpg,false,NA
"""6fe0eb16214572cbede90ce692fbcfc2""",aq9pwmcna1f2hevgnqao.jpg,false,NA
"""7d2d5129b7c47e4825d7d96f395303c7""",bffuoxplm4ekrmhrpnda.jpg,false,NA
"""00a0e11b17b17c16118f546d80f4bb79""",b2ondsfj5bjwcspmmd1l.jpg,false,NA
"""675b429b2cf44d2285db1d237d548427""",auedtfdf9ccsumsx2bjp.jpg,false,NA
"""23f956d11654ba9a691f3ffd80fb0e2c""",bflgzgny9ogkwzgs95gz.jpg,false,NA
"""c0e5b1047a93bd2852df01add73a0e51""",bjjrsy47jyfvkxqbx1li.jpg,false,NA
"""509376dee97cc17b8a12c00d9cb06366""",bk6paeaa9tzjyakjdq4m.jpg,false,NA
"""fc1bc22151b35f9f462f66e19db59f44""",asxoqdgdfs2emjnbkuzm.jpg,false,NA
"""9750881aae48c8a1214ee82ffbcb544b""",apkvjaflvfdmgv1xizxc.jpg,false,NA
"""e0c53eb22b817d100f08cf301d17d5dc""",aslp3pxhieo5mqpih4ng.jpg,false,NA
"""d53b30cb03032d00fdf340e5d587e6c9""",adr70vbprbs7wzztduxs.jpg,false,NA
"""60c294e18221907def9753beb8cee450""",bfbykplymy3qlueknc1j.jpg,false,NA
"""dc2b61a5f23e32f53ec0eb8f28c201c5""",btzjurn4vjsdygtigeoc.jpg,false,NA
"""3ab2c9b4f05945a4c12af94762b036b8""",bsptiut3zukh4vtjoonv.jpg,false,NA
"""e90724d0a108b17035155ed92b01db95""",bdg9nbhqcxlcfshyfcpe.jpg,false,NA
"""2d919536fe48deb0c7273f12eb5fe410""",b5t3whv7joqx8e46h2zm.jpg,false,NA
"""720d11b252f8eea164f5d08ee3dabb43""",au1kowkcdwdmmagtkjle.jpg,false,NA
"""f6cef729b3d498c820d6b4c706bf4679""",bbsggbfr6kqo1womc2tb.jpg,false,NA
"""9da6eb2dd1900a14dd983dec49956d51""",bhmx7i1w12guac8fnmor.jpg,false,NA
"""1c359bd09337f5070631424d0947d3b6""",axcgmhdjzz3c8mnzdi53.jpg,false,NA
"""d41d8cd98f00b204e9800998ecf8427e""",bxj0yn041izruc1rzfe2.jpg,false,NA
"""4b78c9ea816969013adec323d890692d""",bkxasgdvh6grrkh4orf0.jpg,false,NA
"""e61ea746b4cbd3690168a50413148cec""",bcraw9dgth96t0ua8i51.jpg,false,NA
"""0fc761a38aff4e2f24f4b8ba910490af""",bvo0n55dssxuukowxovj.jpg,false,NA
"""9756ba4afed10e6b35b050f744253a06""",bumcztfayicfnrb8r86s.jpg,false,NA
"""9072b4ea1b3790b16da9039819306a66""",b7xwbh6vqnt6e61mlsje.jpg,false,NA
"""ff436de3ea30aeb90dbe1406a13f0856""",ajuvhemrqezp7xfhjomp.jpg,false,NA
"""54495339ccc3f7935292389b935ea9ad""",arrwhsczxlcg9jr2ixy4.jpg,false,NA
"""23d1fa4dbd48e6f5f124feadd14e733b""",avnctefvjmfd44f3y1q0.jpg,false,NA
"""187c0bc37bbc13eaf428d2321ac1cec4""",bdta92ior8mbljhdfy9v.jpg,false,NA
"""479aa134da5a6be958bfbab2e4e64662""",bg3qqypd224y3mihllla.jpg,false,NA
"""e0c53eb22b817d100f08cf301d17d5dc""",bkncqpy9t7bw0tslw1zq.jpg,false,NA
"""4fa99feb8c6006aea233652c9446169e""",aoq4ecj8rawabwe8wbsh.jpg,false,NA
"""68496a75369a9b4b93a2023fc959e27f""",bqcg7xexgdj4invwnihm.jpg,false,NA
"""522a375a436e22a68dfd69fc8f9b5f76""",beggsvis2rpzckfmmhit.jpg,false,NA
"""198aa251263c2ec704e2f78b0827442b""",bf9hznuchs67lwn7xwhb.jpg,false,NA
"""c1adc02faccd614241e53c69c4432853""",arezvdkyogfdbc8mnvqg.jpg,false,NA
"""ed18b956c367f40ce3bb52798448eb17""",brquojlukkjgme4ee7ip.jpg,false,NA
"""c8688467d8fc420cab26fa562a0b44d5""",bbkeecspqbydncrmwkds.jpg,false,NA
"""c929cd044d6914b00bbbe74a2a1e0ec3""",btg8snim9ipmjnj6ci4z.jpg,false,NA
"""bf54527ad03fd78450d04026881d80b5""",buydmayzilsnre7sqzd9.jpg,false,NA
"""b95467f25f47cbb9fff3fd90d62a9af9""",bmvfitajdsrhz4qeyihz.jpg,false,NA
"""3695733ce1f468f0ee0a5fd39423a2f4""",b1zz3wih7ty71z3lmmqm.jpg,false,NA
"""6736bdc583367e73522d0c79a14cd550""",bth0mp8bsd7rdtzxunxo.jpg,false,NA
"""3ceec4ef7ae35a32bd03a437abd4e835""",asho6sfbzpzotcq6nxaj.jpg,false,NA
"""bf69c1707592a95705245787fba60f98""",apmsghycam7lfs4j6e9d.jpg,false,NA
"""592df5ac02ab8ce81e5a26e42cbd1429""",bvi8gq1tpkg5jubl75yu.jpg,false,NA
"""071a0a5dc2501e5041cdba85a8ae78f2""",biunnm7mk3bmbmrxokji.jpg,false,NA
"""9dc0924bc1e66c45399f4f0f8ff8f5b0""",arhhsmlxyar6xtqjlshf.jpg,false,NA
"""4a17a129385025ec22247da0113c625c""",avb0agt9ekk7cprkvxcj.jpg,false,NA
"""a6c18043b1f86da1866b53ec554c6692""",bnh8453jvdu7qzoddmau.jpg,false,NA
"""7b89c2c1ddd7c7d55f853ea1139ca5da""",b92m5arw4yngbovntxey.jpg,false,NA
"""859c60e5ce19b45ced88067958e8b695""",bnqjriasjxkdrluvufjm.jpg,false,NA
"""28a4b33da77fbeee0403ef0f5aa58af0""",bq9dqd8nhcu3ho4w8v1f.jpg,false,NA
"""a7689bd053f125a17ac850b927aa3948""",bvr1zztwvin69jvcbsri.jpg,false,NA
"""d2dce080b504c15ad719147a904abe2d""",bvcxfzsv42qt8og58hpq.jpg,false,NA
"""f7737b983f0649a250889559fd3ca13c""",a3mj2xlynuoh3ukw96z4.jpg,false,NA
"""d41d8cd98f00b204e9800998ecf8427e""",bxj0yn041izruc1rzfe2.jpg,false,NA
"""a16b59c7c9307394d39376d47b2d2b2d""",ame1nijnuaalm9arlblv.jpg,false,NA
"""63bb9b829eca951801ee58167dbd4166""",acwb6n7hjpiuo5ls2kab.jpg,false,NA
"""b1cbb6ce416bf99c874c89cbb1040156""",bdyyerszo3ea0rkqotgs.jpg,false,NA
"""26e97cd55935fa32a8e464478bd74c16""",azm9syqqky3t3x8hl8ef.jpg,false,NA
"""44f5444a3e00b66062c5dc5985e5a729""",br2utlfgiawjftjg6yqn.jpg,false,NA
"""58d36857af089c156b0130f5e7a5e7ea""",bqlrqall5tp56vxpslsm.jpg,false,NA
"""2dc7d8c558ddf0cea6ab48177261b277""",c7vewbytf2jgaoh7cnj9.jpg,false,NA
"""2c92ebc6e0f645106094fecf31f17cc5""",cbg8ynwncoaa0nc58v8i.jpg,false,NA
"""a16e96884d85a3f46bddad379c74d139""",b0nyrx3njm9nmpttqd0o.jpg,false,NA
"""383e7136eb8ac9f6f7a4042621d93df1""",br0o9sze8szn8eldotxu.jpg,false,NA
"""9fdf0650676f0a94398d4c82c42a4a0b""",aw4nbnt1bdrsz1mzpsr3.jpg,false,NA
"""8a3c0fea41f859e67dbbf29054e900a6""",bubygmpwoqkyh6cfqh2l.jpg,false,NA
"""b75f18b39c1dda26f96f973bf7602aad""",bwbmwaxnjpf3ypqfewug.jpg,false,NA
"""227d7ec6a5ae82820dda546e31062875""",bueydjjrig6n7sgpb2sw.jpg,false,NA
"""8032d6d3280cc1851396f2a15af64eef""",bx12neiljytzg4wxx6cy.jpg,false,NA
"""7bacdb972b61c3834628b73ff0ac845b""",bm8vsrguhxr3zm8gjgva.jpg,false,NA
"""f65604218fd3d7957e5f8b1a761a9e72""",bxp9awlw66s2hbh4hk8y.jpg,false,NA
"""2cf0ac49b35bf02f15c2d9c570653d1b""",bnjxuhkjqvf0p9lewshw.jpg,false,NA
"""13318250009d1fcb8433c57fbf28d873""",bs8tyzvze7bdm3i9yuex.jpg,false,NA
"""d44b8594867c3a532e4840af44bdcafa""",bqnzmbnflslysorbzykv.jpg,false,NA
"""8c51c525e966cb63420f809bf00a1a16""",byapdgjxelyc4v4tm8aw.jpg,false,NA
"""1247951e4167c8b9d4e567c60e2ef446""",btm7ejrwx5hxxadd6gf3.jpg,false,NA
"""d41d8cd98f00b204e9800998ecf8427e""",cb7ugsy7x53mqxdxbhav.jpg,false,NA
"""2295c6dfe1866c4a4f86ea9975607660""",bszqf6jwuns9ztz310q2.jpg,false,NA
"""d41d8cd98f00b204e9800998ecf8427e""",cb7ugsy7x53mqxdxbhav.jpg,false,NA
"""4d48699f59f1ff6796e648a849706032""",bw2oiluguoa5oy4tgypc.jpg,false,NA
"""d7a862483dca0a25b090d399d01f02c5""",botfpmwsrpwgyc88o5ie.jpg,false,NA
"""571ff4a2d3899b12de4743d36c2b6b61""",bm9hmhx9nl9ijjqywie4.jpg,false,NA
"""31ba2c4e63ce17a21269c927d7413c1d""",begsk0d9gsr8sjp4k5yk.jpg,false,NA
"""5f731c2f9182d42db21b2a080385c88d""",ax6nmavimpojpqut8lj9.jpg,false,NA
"""f39dddc0d6cb7fb88737186e21fced8e""",c90qvj6fdgn7yzsxqc5e.jpg,false,NA
"""cc3ae7e755ffe19cbd4cdce026456ffd""",bbi6otuxzu0lvmjziw6w.jpg,false,NA
"""dbbb69482b312f008d33d141860fbb4a""",bynvgyri5khoklv8op2q.jpg,false,NA
"""0348b0ab19c1f63b6fd3ebc6f1fd03e7""",bhjouq90wurvhcgcbh1j.jpg,false,NA
"""96b8c2ebefc8759734fd16df19e81117""",bl9bgwdgipxc2wpmocx6.jpg,false,NA
"""3d9a46e8e7538fd859f196072e097994""",bfg0v2by3hl1lpki2j1o.jpg,false,NA
"""e0c53eb22b817d100f08cf301d17d5dc""",bjsxwvg64szzoj1voiqv.jpg,false,NA
"""14d9d2df20e1a5a874d2fb9a187ec332""",bcom4i2twkrmqfavxho4.jpg,false,NA
"""4061c5cf6af66db78bd3ba4f97f937e7""",bzg4bi4c3uhyn64c8ifc.jpg,false,NA
"""8fe1d067aa0fa81e6c6c47e3daa5422c""",aidnrcvunkrfcybiyjna.jpg,false,NA
"""cc4f3bfe401e86dbb53219e4c12098a2""",ad3fxxoqcv8crhvkg9en.jpg,false,NA
"""569add3a85c04c0fe0a35ee06720ad42""",bn7g1y1yynrfkso6f7bj.jpg,false,NA
"""36b59eb28d1ddee1bf54aa87550c9dee""",c8rixptltvlthinsosdo.jpg,false,NA
"""1cce2147f46786f622ce06cf98ebf698""",arrevhvt9y5qpudw7m08.jpg,false,NA
"""4dea66c37b6babe7e60b6f1ac1bb6a78""",c68t1encvstxqeeremyq.jpg,false,NA
"""990b2b12823f227a2099341f6f77d0f3""",c4w9q8xhswfimkcbgp43.jpg,false,NA
"""da91deb429eecabb035b9d88c367b24d""",c6kfy2qexgjgtfo6jtbr.jpg,false,NA
"""30ee9770d14a538b6b0c222ee23ab112""",cdrbzgo2gvo5kfjxeruk.jpg,false,NA
"""9c421a29cc4e76c24bf7bd51d296c7c7""",bucmfrnjnsoq9os2hnzt.jpg,false,NA
"""ea525139b5f63a7725eeb7785916f56c""",cdcv10mb2lztiythfbq5.jpg,false,NA
"""fb9642c82257d619cff3cf5f4647bc01""",alcef3iqm8gmyogvzd8p.jpg,false,NA
"""b6cb16cdfa855b0189ad835befba7c13""",bxwk3k6eo48irkm39j8e.jpg,false,NA
"""db198333c1a97adb9e9642e49bc8b566""",bnp4hmg0rjqynrwdd1dd.jpg,false,NA
"""e317d5ed7aca6955722b015252906b5f""",c0csfzrwcxt9h5872fum.jpg,false,NA
"""78b4671afa79b1d51b4b4cf491d16b2a""",cbxipcxikvjbchfdrnhx.jpg,false,NA
"""587067d9bb56ff9c4d8ff37fc6f02f32""",c6dxsvveauvcu4ddekbu.jpg,false,NA
"""f7f3aa74c18bbb1c98714e7d42661d34""",bntaskphnuddzsetbjes.jpg,false,NA
"""127bb9384c5d5d11d8d327c9a9d273aa""",bdpujjhwoglwwkz1zhhi.jpg,false,NA
"""8c00a3b9d1d7329c1fe9e90428659cf3""",c8mfsf38l0otm6k4sdno.jpg,false,NA
"""d88d37148f5138d9bbc66e56470f2f01""",ccbego04jj1etogsfnsc.jpg,false,NA
"""411a807d335829b89b91d08140a732dd""",bxdjcji5tmebtqai6dx5.jpg,false,NA
"""9dc0924bc1e66c45399f4f0f8ff8f5b0""",cdjixa7h6maqskth6ujr.jpg,false,NA
"""185262ce524f9a2aaaa7cf977b042f96""",cedqlkelzgswtarigkva.jpg,false,NA
"""f43ab135b29a84e29f8588a5a73ed31f""",c6gkxw7wv015wzj9zp3e.jpg,false,NA
"""658096678aa43bca96ca38ca9119d095""",btmm2gxcjjafbguwqngw.jpg,false,NA
"""fd0e39aaf0e769f82ae741bf02ff4260""",avvijxkxblssjq8z3qyz.jpg,false,NA
"""cfee64c16b051d4ace7e2436ba77ef57""",cdxbbzkmppyozlfuletq.jpg,false,NA
"""a4095873bcd888f97c70531cfd226ab0""",bkiatw3n5gx2s3lujyny.jpg,false,NA
"""56a6f1a972e2e7a22c2b99a328b3d710""",btogfokam91gypcevbtx.jpg,false,NA
"""387f4f468b1045aa589ba076e5fd7498""",afsowu5sbpm9qnguiwnq.jpg,false,NA
"""d307b57dd48fbc8f779569bc9a2fd645""",bhbjo9tgfjmefornmcy4.jpg,false,NA
"""990b2b12823f227a2099341f6f77d0f3""",cewwssdymguv6l8ivw0k.jpg,false,NA
"""1a0a442efc86b65cb2c4a20e94b1eb95""",c1nazrbmktaoyg5g2jr3.jpg,false,NA
"""eff6b35f164865d11274786b51ea947f""",bqazfz3liqjzj7wpwyyk.jpg,false,NA
"""714f596c7a3a07dc4af2a539f729507a""",btmh8b0gstoolgfv7x6o.jpg,false,NA
"""ab6973203c2a4e4f839c2b66374a3420""",bord2b3hohrmre8liecs.jpg,false,NA
"""bdf0237840c06df88bb6bf57b859bdae""",bnoq9m96tm0iiirodzcj.jpg,false,NA
"""8f35398300761918894cfee6806566aa""",c077ajpdl2utdr5u8oea.jpg,false,NA
"""7e19fdbc7f5074058099fc49f1051d88""",c8fpnhazalbjds7bfthp.jpg,false,NA
"""82febb09db9a3617f7e208e5001d1509""",c5y4xxlt0zqiltkfc7ut.jpg,false,NA
"""9ffbd88d5bfa84bfa3a422f43efb4d64""",bsjfd9ipdxsxumo0wofa.jpg,false,NA
"""f7a6cac180aa691de497fe100cab327b""",brwu670ba1ofqu2i8ntd.jpg,false,NA
"""8b9588b20b96fc6a74f870b7a1b68812""",bvunay9fp6krf9rlvwk0.jpg,false,NA
"""3004344dd5a4839f226c3b18440a676e""",bycrpw0direiwbcb2nyc.jpg,false,NA
"""6f9bbd1b7cdf51ddfa4925ea1bf78acc""",aryis9wyzrgpnlqyirla.jpg,false,NA
"""cfd0a10f835d20e9a4a33e3326209cd4""",c0uoymg1aszstvsw7ssk.jpg,false,NA
"""fdb96b0285753c74299b7fdf85eca2ce""",azvmmfkiulvcgbeqsg8o.jpg,false,NA
"""1ba590acfcfa76c7e0e787074e6b9525""",capp744b91vosc1gouiw.jpg,false,NA
"""180a2644be42d1eeb3b606fcf469b822""",ce4wqvargvnav6rnyq5u.jpg,false,NA
"""f9f9be2559cf2d3020bdb2795a7d2599""",c3inv8w3iynhpnntil9e.jpg,false,NA
"""e6b4301cb42c669b4aafe6cc0bd2b1e4""",biaqmr68lfodpoioo2sv.jpg,false,NA
"""328a0e675667b2e0331bfca56e6d38a8""",bzhpafsemn4mitiewlbu.jpg,false,NA
"""8f71c5f9582d0fe3f41004b5551d973f""",bg7k5bb26dvr4s72sfsv.jpg,false,NA
"""0aab9aab90df13bb0db80a1a01c9a0d0""",akhg9ych2egxnkrnlgzj.jpg,false,NA
"""8885d7a331eaf3425d0baad70eb20a3b""",b7q7irber9q4cmhrvsjd.jpg,false,NA
"""6fa9e4cb7a50fdbd44762703181e2c2e""",asqb4mutjxzu2drbsxc9.jpg,false,NA
"""67872a4a44b975e867ab3f656d2b493c""",bfryd3kfshde0tbqsofh.jpg,false,NA
"""f5da3ddac6c9b56404d9e192d5a8b940""",cbogea3exqyo3epohugz.jpg,false,NA
"""1ccf69aef40191d4ead1331d7a6c105e""",cemumgugqulbbotzaosy.jpg,false,NA
"""87c1755262dac34ea9202f68a233b32c""",btpv5j7ebnxgkqdsvm6m.jpg,false,NA
"""e4048770a0a63066116aed45aa93bf48""",cbyretp3jhozxynyvtqb.jpg,false,NA
"""eac1975bc6b22f38a0c649ad4a0eb7f0""",bsui4e7aae85wojm3er7.jpg,false,NA
"""82f2fd7364fad3dfa52171feb7c61ea5""",bcqkftstpqxgydi1ivr8.jpg,false,NA
"""145fc422d7878a7a16334a1d05474d53""",azclebdypu34n7yimmjt.jpg,false,NA
"""2a618eb49f4e238d30320eaf1d924dcd""",bctihfdy7bwpoyqmmocp.jpg,false,NA
"""841b7245d4ffd17ea58f58bb31c70e72""",c6b3cjqwnuna2p0fqqat.jpg,false,NA
"""8f2f4101f480661c7c3114c6b14d44da""",bbztzh8jutybxldtbgzy.jpg,false,NA
"""0db86a37401275997708ed4178e71e84""",bt5hx49jpeatgwyzuqla.jpg,false,NA
"""b83f409fc086dbf60464da383ea1268f""",bpvvgkryaoe9loomf2z4.jpg,false,NA
"""b2b59810775195347d416ccd30f7795f""",c0cevbdbfpufsiqoeqph.jpg,false,NA
"""cf2f40d6ef7ca8ec053977acded7f3df""",aiwxb0ypvmvkhajnyrm9.jpg,false,NA
"""ef11dd42bb8e99277a87407baa98563d""",bjs5tuph2hemnqc6flcc.jpg,false,NA
"""ef59eebea832544a611226c7e2926520""",cdhbv6eu2wrj7qz9mzbe.jpg,false,NA
"""c81e369d9bcbd43c855db2e4aa6fb99b""",c8ix6fakeuv2kfihfcii.jpg,false,NA
"""b2c5e7e12421920864c1379022bf1895""",bwy0mzg2yhhaxaa47exe.jpg,false,NA
"""f6d1155052a3049baf8128ed676f5ec6""",bs45k8lxzx41lbjppaaq.jpg,false,NA
"""9fa4f330e5eb5b6f8bd8f6111e382d62""",cckpz5dogy809ycfgjp2.jpg,false,NA
"""745675ff515920c5ef8b8ee76e3ca665""",aui0e3faya05whoy4r89.jpg,false,NA
"""689a8f0ca0bb4002adc46a9784537abd""",a7sv6zw1pt7466tbkuoq.jpg,false,NA
"""1ef49b934cb88af65784aaf22b40dade""",cddurinifu2bnlgzewi3.jpg,false,NA
"""433d91b29b13eb47206ae7db18a5d392""",bmz0sj0mnzzpswxqf6jj.jpg,false,NA
"""c379aeb629c6594708f4be553fd6776f""",bqecvwilkh5ncyq8miv2.jpg,false,NA
"""8ebe2a5e58ef777b3543c78ff721c12b""",c7bn0nuknyywmu5h6k46.jpg,false,NA
"""b5bbe49685b12fb722c237497aba0875""",b7utiissywjpndonjm9v.jpg,false,NA
"""52733836812b2c36ebe00013fd6a589e""",brdsmxasawyexrarhvrq.jpg,false,NA
"""fa2354135c2d9141ffeeeb7be6f70f2a""",c78akcrwnlvxcixmpnwj.jpg,false,NA
"""87405105b1b2abc2acfb401f54242ee6""",bgrsrnnojwy7b1wowaer.jpg,false,NA
"""96ffa50541ff511f3a9f14815463a4c9""",bgrmdzjyazpqtqqpnehr.jpg,false,NA
"""50f72e4b6d285ae47f5db62158f13f69""",cb9sdceg8wifqi4znfmm.jpg,false,NA
"""fc91d48ef0be6744c15d58e77f2eeeca""",cdlb8tm0ftzitfnypft3.jpg,false,NA
"""1467be798f4ace373c346141127fd17a""",brchobl7nblj0xucfzjl.jpg,false,NA
"""7e72d304c63ae8c727a22b659859e167""",cddrwdyjn4nwg0il0g2i.jpg,false,NA
"""a7d62f2cf84d634a6d5cc23584cf4023""",cdcoqsaqpq4ekcokr6tn.jpg,false,NA
"""d96e58dc911a47bf8bc4b89d4ca377cb""",cbmjjkazgyrvbdvyz3y8.jpg,false,NA
"""0f1da3ea63e940f56e6a4f0d1aece014""",cef18hqvebpwtozzy9tl.jpg,false,NA
"""5870b5b711e74637e1d4d851f3b3a3f5""",cdlyva1kaqjtpplj7jqr.jpg,false,NA
"""97bb0b2078875ea07d5f1dabd2014a04""",bttjssjrtzgiiajpkbbj.jpg,false,NA
"""2c2abc75d6cac9a105cb90b218658101""",ajayahjy2cszh8l8ppf3.jpg,false,NA
"""ac0dedbcb2da44963969a0da1cfed7b4""",c36mulfmi7tgzbw2jgld.jpg,false,NA
"""a220fb12199393441bad35c43e5ac7bb""",boxie7f6lsy1ocinekar.jpg,false,NA
"""d78ddbe0596786acf1aa080b62cc9fa3""",bwoagslaewz70aeerkpx.jpg,false,NA
"""578656e4433540ad6631f89b80f103b2""",brjrgiflskbmhathpnin.jpg,false,NA
"""69a623cb9d8877e64ec9d4d3519a3aaa""",ce1yu4apr1rglu7f5yoo.jpg,false,NA
"""db2dd3f7b5f6b614c68bab6115b6e81b""",ccgwzdyc6cbpjsouhoor.jpg,false,NA
"""b9455c633b4fa7f0c18ba123664f7d22""",bxftfj6hsypzkd1dqrdg.jpg,false,NA
"""da9e25e826436fe23c1f06309df1d350""",bvnyncbqbbw1bctpzygg.jpg,false,NA
"""03d827af4946bca3a5376aede955b5a5""",atlbpcc1ie1yzvepyupm.jpg,false,NA
"""aab3eca715159b9bfab571a7a2dfe8fb""",bmkzf0cz7xmjvoseids0.jpg,false,NA
"""50151c655d4be8671285e7b45acecb6e""",bnal3wmi6r0thv31mxvg.jpg,false,NA
"""323a5094900facc6c2c3be5fdc9d2a74""",c8hizituzty1vrsa0tf1.jpg,false,NA
"""abf8af6691434f803efd13c04bb9b96d""",bv6hdk1xvleioomygmnl.jpg,false,NA
"""6bf4f360c584f9d09978028944bbc595""",c24ucurrdxdpypbutiio.jpg,false,NA
"""8e3d7178fdec6c93f416e238c68e5d35""",bzb7amqrihpra6kuudsa.jpg,false,NA
"""11dc8958a2751bdca612fb2255a42542""",aiucngwttcupwooxxcmp.jpg,false,NA
"""f8309dedef54f1aeca869260f1400a46""",b3fa6ykuemwuckwffzma.jpg,false,NA
"""e399a527888b0c25830a3856898b2b5a""",cd4zwq8jik1ft8aqwu0s.jpg,false,NA
"""cff03e4550f5a81c6f0737f40c7904c0""",anzp8ozo8aal1fcngr3a.jpg,false,NA
"""e0c53eb22b817d100f08cf301d17d5dc""",bpojw9lynafchizx9osd.jpg,false,NA
"""f01fe4778332c4dfa22778ee5b803e12""",a3da4628x0r6a6ejz6hu.jpg,false,NA
"""6398d8cd543bd11731c49712893ae48e""",afv2eowvcjlribak29dk.jpg,false,NA
"""990b2b12823f227a2099341f6f77d0f3""",bkoqllezo4ijeeohkeot.jpg,false,NA
"""c3f3f83bf7ee318552393833047ec45c""",bfdpwdamfmv2gpp6fazd.jpg,false,NA
"""33335d4ff041b7e406395f68e8b519c1""",blyzfxi8hczz6fnc9lwi.jpg,false,NA
"""607a808dd203e4c36983a777fb5bd362""",azyzzrdt1spd8brv3nrn.jpg,false,NA
"""e0c53eb22b817d100f08cf301d17d5dc""",axf7kcvgojp2hbgsbfjo.jpg,false,NA
"""0f1add06e4037c5f90067961306358ec""",bkcy9ehn1cc39cxmd1na.jpg,false,NA
"""42922dc3e67a239462f9a56abbabe555""",atq429i7yszjttfikxxy.jpg,false,NA
"""c8a4c7a5c3432bdd64f1af2e7386ec92""",b1lru8lcnxcgdwn4v0bj.jpg,false,NA
"""6326cc65bc90f00f7a5fe98b03240a62""",c5v5qbq9raxszj1gbub5.jpg,false,NA
"""c399cde47b5bf019f7636707e9a77642""",aimqyjlfnwiixgisv0n0.jpg,false,NA
"""52b4eb9aa80a7cc17bc54f5dd8a0a590""",bhulqd6tfxosrgeuznap.jpg,false,NA
"""5c3a859e30a4f57ccd59e51661baf42d""",bkfcc7c9qsai1oyvin7y.jpg,false,NA
"""0ad3437996db51c47c51d849f04e31e6""",cewbszz2y4xinfqnxnm1.jpg,false,NA
"""2c7522300e514e4429f111be3cfe64d8""",azrsoysdwgolelkqsvfw.jpg,false,NA
"""0df8f20324fc195394815af887b997f9""",akgr4xvcdyvkizfs45zj.jpg,false,NA
"""91183a52e04edfda88cd10163b0b46dd""",bcrlkpavpydn6csumtoj.jpg,false,NA
"""b433338e9fef19989d1ace0e2b665123""",b7g7lxt4oeke0zexsnr5.jpg,false,NA
"""07018d422130c2da8369efd2545a167c""",a9dogeat7gk9w1pvpfrm.jpg,false,NA
"""2f8df84551ecde1c58c04dae7368e80a""",bfqseqsaxs688b26thnr.jpg,false,NA
"""e292907817886a4cafb4e38b64bff7ac""",bulsyzpr5a38hfzlyftb.jpg,false,NA
"""a9495accf87b55406c448af4f3d45f78""",cctpdco55awniujlkbeh.jpg,false,NA
"""566890271711fcbb48789c34a37a9dd0""",bp7ygglodwpnnwhovqru.jpg,false,NA
"""5493769b206e2a192f5994dd52b18179""",c9z9bou3whv35gmkmsuz.jpg,false,NA
"""2f93e60def1e8bc3f09f6ef5d2fc9825""",cba6xjvjjrcqnjefiar8.jpg,false,NA
"""b5da641532edd34743763d8b584899e3""",awrcr8wrbqsird2rhrtr.jpg,false,NA
"""98f808b56d92b9a9f0e6d24e1ff07c7d""",c5dpjldhggcctd48elhr.jpg,false,NA
"""baf69d884d94d16e9cee5a5d80764cbe""",aamajyxqf9cq9dsxo7el.jpg,false,NA
"""ea575df0708c747b670ef618cba650cb""",ce5xfks8ua0gqa54knz6.jpg,false,NA
"""4b0fea84a722a0b8eb2dfa9da03e8a0b""",az3kys56anegdnhsyf2a.jpg,false,NA
"""35a7b9504d57652d1bad0aaeae45962c""",c323zunduqmvs8rjxvjn.jpg,false,NA
"""fc53e1607e28a933f533d52a89c7dfe2""",bftyfelycljfubxawpza.jpg,false,NA
"""a7e3c5496befd964d56d09b8dc66b81d""",bqn8yb9etxr00ba7rbop.jpg,false,NA
"""b57534d3a5fb95b9cc7d6b4fce6c7b01""",abcoito7i6y6tvdio76t.jpg,false,NA
"""b955b24bdae8ab5b3edacc2f4e3afb67""",c8lbmbqpxtm2bi5r7xmu.jpg,false,NA
"""42e66169278de13dc6d7c4b9dff30521""",btcqtdpbpxcgb5ix0oed.jpg,false,NA
"""22212a36e3f4ea6903070905f05b735b""",ccostkysejb6txlbloul.jpg,false,NA
"""e56f65213a0c1bb7c8038c449e192cea""",c0g8avocpzztwl2nrouc.jpg,false,NA
"""5029a0823673c8639d51174a073a3466""",c2bsqqevchlr3594eepu.jpg,false,NA
"""2d2030e52effa2626ce6eb0bccc225d8""",boaamofx94xc3b12loc2.jpg,false,NA
"""e0c53eb22b817d100f08cf301d17d5dc""",blo7yfpveqrx5ulbjnik.jpg,false,NA
"""74a259a3693a5916281bd5220c1962b6""",aq49bkfuae5mlkskayp1.jpg,false,NA
"""98ea48c6e6aaef01bd5736b89856e086""",ccspbwlqsx9nacg4dghy.jpg,false,NA
"""e9071f3872b239c2f7d83332afb2727f""",bco687q6qq4j6a9kf8xm.jpg,false,NA
"""5696b13dd95d2e610f24ec61f3ef434a""",axqblwc7he7hv1slq58b.jpg,false,NA
"""f082dc0c58a7d7dd1ffdcf5445f3b7f1""",bb4thv7ixnygqeeakow9.jpg,false,NA
"""a020649edfcc4001d29a5c7c69c56aee""",c97p11w71gm7pkw84uu4.jpg,false,NA
"""6fa9fbd76dcdbd4752e47a8d6e0c58aa""",c5qillttj4n3ctu0pt1w.jpg,false,NA
"""91bd0cc1e102e953c6a49980134e359e""",cdh1egkneuuzpeatwmnn.jpg,false,NA
"""d39421a2aaca6c00faf04ec9c5354139""",bbr8gxyhcv9szcxtyxte.jpg,false,NA
"""02fe3ed9a709618a998b5a3c40516f85""",ccwab88rksuilsqnkh40.jpg,false,NA
"""e9da95bae2ee24ba5873b382b4fced0a""",b5ylqxtj8dt2sywfxpb2.jpg,false,NA
"""29976a80c385685f567e985b43b20a39""",bm8a70ved1b1sprgvruh.jpg,false,NA
"""414d694167e48245e70ad147a1a1c662""",bz1ariys0lzgxph9h1rn.jpg,false,NA
"""d41d8cd98f00b204e9800998ecf8427e""",baa9pqdzl3vccfxuhm2h.jpg,false,NA
"""90e573a4c1ac64d1d2d73beb2c0b8cd7""",a1xvwxzkimjfgk28y8j5.jpg,false,NA
"""e0c53eb22b817d100f08cf301d17d5dc""",bikvujwbhyqjrhsczbt8.jpg,false,NA
"""7d0dbf5159d5709090d8c08715ed9013""",aq9cefcrtdxf3qplsyfy.jpg,false,NA
"""ad8abd9dbd35eae1c992ec0cf8163764""",a708grd4pxcdualyzw5w.jpg,false,NA
"""deeea6364bb2c25dce10229ec9640436""",bzgh17pgoso8kcvxpolq.jpg,false,NA
"""40c58e9a4dbd21279f1f45f28ec75c55""",ayb0xwsoexeacm4pp24x.jpg,false,NA
"""4b199e6c9398b97e89c0e5f7f4997a60""",afp67d2rjblne7q3wptr.jpg,false,NA
"""e0c53eb22b817d100f08cf301d17d5dc""",bna0m8lu5tssaairqpau.jpg,false,NA
"""d699b461d75552028aa6c22059326925""",c9dve5rg1p6fpryqp8xv.jpg,false,NA
"""3ebb1b15e52d75bdf69e7f26c188f66c""",br3vybdganp5anfixqet.jpg,false,NA
"""7db7f08ed46d325cdb8ca627bc2808a1""",bwr1dy8cyjlmrhis9tg1.jpg,false,NA
"""dfe211e75ca4718d08a40e9f3f5bfb8a""",cc6ibfiqqpuzmsyw3t4f.jpg,false,NA
"""9d460bc3b735820caad68d7800372efb""",ayzh0vhx3t0aukzdmon7.jpg,false,NA
"""cc4f3bfe401e86dbb53219e4c12098a2""",btyac78qbntsxxouhihq.jpg,false,NA
"""0e76f8410ffc90df5dabdd7823129365""",bb2jal01pxmxnixa69vl.jpg,false,NA
"""6812129f677472c783d380d1d36b4c8d""",bezzrljpqlpwsubwrlxh.jpg,false,NA
"""4f2a54870d09d00ff190d0d0d2cbd7f2""",cbnhmq8tonduisql9k2y.jpg,false,NA
"""7e19f286cc556552b6b960a0fdcdbf11""",as8gvj1ui1gwlyroahao.jpg,false,NA
"""49aa1b94bff449c4eaca7a2a1ca738dc""",bnpuccri9m5110fzdhai.jpg,false,NA
"""cf21e4c79a9444e44c078a3744937e85""",bup6x4n3goar2eidgwkj.jpg,false,NA
"""da0fd5ff84a2a5bb6c6726cedb42c3db""",cbitgcb8gh388kjuc4fo.jpg,false,NA
"""598e0bc6e6b5244fd5867cb5b55824b7""",bxyzaurwsg6rlnh35xkq.jpg,false,NA
"""f427200727dd29c4d09aaea963746d58""",blqb7zdcpoebzh0xotrc.jpg,false,NA
"""c10e01a56ba393a246ac13bdd45e0c75""",bl3rjbw6sy4uzabmm99j.jpg,false,NA
"""777c07da16c25f469a4137cbf04a3a65""",c5fp01zbsposfpiiv2q6.jpg,false,NA
"""fa46d7e7d525f734fd04dbe694003e7e""",bohxvfrropogx8cb4koe.jpg,false,NA
"""443db92c80a5539e880484975669c3dd""",ccl024dilfk8j8eo8kyy.jpg,false,NA
"""ccd1e42d7ffc8a3a841db34c37e67d9f""",by0n9udpqaetfs3gqowo.jpg,false,NA
"""5733914da1003e6a2aef7b6e79e68fc2""",by4kfszpzk4y9d5giqfr.jpg,false,NA
"""3e3f4bc6dbf1ede56b6ccce4591693c2""",bko16rqhj9ed6mk04kdi.jpg,false,NA
"""1760b4c763c76759aa5c976ad219faf7""",blc0rpaczk2jf3ljbjoy.jpg,false,NA
"""deff207c82fc26014698dd7080c6158f""",bppslrjposqzpxchrzgj.jpg,false,NA
"""7231a38c9411e90bf79ee6fc9b18dc2b""",cdv2laucigss7juvnceq.jpg,false,NA
"""86e7db59e44aca99a0d653d002ddf280""",bobioac0r0s8zbwm9cvf.jpg,false,NA
"""cf97172f1582db5ea3217acad49dc46e""",bxhegyrnsbdewua0xdcy.jpg,false,NA
"""9983aa11270af676fd157102be9056b3""",bjfgrnzmz41twarcphpw.jpg,false,NA
"""d145328a6d350e4c95dab83cf1dfc226""",bixf6twggfxgid0otnvk.jpg,false,NA
"""1986c0557845cfb5c77a57ff44ab6b18""",cdjpxp799buvzywardeb.jpg,false,NA
"""a10edc4effa3b67f7508ee78585da2c2""",c3rxetjsgb9bvybwetkn.jpg,false,NA
"""a9435d0187b786a048a372e721b897ae""",c56fi8bwe0mlmyv0imwv.jpg,false,NA
"""f734924fb03c1eb63b7a1a7632eb8a5c""",bh698kkki5bw0ztq60lm.jpg,false,NA
"""c8a7b7030a1f1798fca89322647a6864""",bjq16w3qouv4pekpko1x.jpg,false,NA
"""5777e316da3c3102ed6c08677caf4375""",c5jwtfstq4dtkzvf3eag.jpg,false,NA
"""f3842bb872de1ce5630aec22084bdce9""",brbxkcedbpfvc6snhkpn.jpg,false,NA
"""5ba24d5b81e6b5f3b17080afa99fd63b""",bhl3yv3ghsljsh86zqjt.jpg,false,NA
"""eca0aebb4bc3f9ba713a1b504caf5282""",c1iuptzksxi0vfnszheg.jpg,false,NA
"""34582515be1f96ba7afd9206e74c0d31""",beyyehrrbmake6x1aoh2.jpg,false,NA
"""b9d81f041f131bfdd296e7681994d5e6""",auvhf1ug2gket70cttfb.jpg,false,NA
"""f69ab5c4d38621089ab6ff883384836c""",bwi6g4xfmedqv4jhggqa.jpg,false,NA
"""5329b5fc750f9ef73f4d1cbd0c09b439""",bzy7inktr69uhejgwg4o.jpg,false,NA
"""12866352d78ccc230a66cc5ea324688c""",bt785uzpdr8ymzcnmnmv.jpg,false,NA
"""84c14169e1b69f829e91b9d70877caac""",bvsalxvmh72ef7qsry1b.jpg,false,NA
"""dc39eaa145cc9289247341af40253434""",bvpotfg3or5d1nrxcqm5.jpg,false,NA
"""3cc02a92e9c0887a7ef4549f66f2c08e""",bhu0wlo3a7i9dkptlqr8.jpg,false,NA
"""6774960614b687a14c1ac8d193f17c91""",asqtua4sye49vqlkgm7r.jpg,false,NA
"""433758448b82f45d9b648b30c8b0b317""",bsjwhiqna47vw0u1f64g.jpg,false,NA
"""e213b7cc4250e3b5e1aa4aa5cf4ac4bd""",a7fdsrz3q9wfwtmwzcgf.jpg,false,NA
"""b02ec8d978fdb943081fa75207c6f9d4""",bcx3n3gfqvjuscg4z0hf.jpg,false,NA
"""32bf7b5bd673e28591594239065ae6ad""",awr1buuhuwr7hnfuje3o.jpg,false,NA
"""868d142d3ec5715ac459ab3055bf626f""",bykhjue3abrtmnu1idw4.jpg,false,NA
"""7855c30a508d292401f95c968450b6f3""",brarowbmxfxs93m617jv.jpg,false,NA
"""0097c70b70810bb1ddfc2017698a22f5""",bwzalesme0oblqwis5lo.jpg,false,NA
"""e0c53eb22b817d100f08cf301d17d5dc""",c5tgpcy25a24hq1k4yg2.jpg,false,NA
"""935e503180fab5d1a79a29f4ca6059cd""",bzfcxidydcgy6pnebvz3.jpg,false,NA
"""13fc5bb7273bf4389c7edf0c0d034142""",byurrzmzdyww0nkiv8lr.jpg,false,NA
"""5552c38daf3c9b400ce91126950d353a""",ajs3ainzf9ghqkogmx7u.jpg,false,NA
"""ec29f6e72e9a6d0bba7e55e7c812b07b""",bizcmkl843ugwfloledg.jpg,false,NA
"""a837f805c17e3af14a5ea2f291bcff21""",bv0qiw5jlae4arauijiu.jpg,false,NA
"""7a94b16f9a884e143962cfabfe441ef0""",c0qupj2eoqv3pa70kjao.jpg,false,NA
"""cdaf87806659ee2c62db3401d903c29b""",cerc7kbqegya71sr1aez.jpg,false,NA
"""509355bae2481093ba861eff9b890e7b""",bjvmxppzfxvhtr1a9zin.jpg,false,NA
"""6202af3407095235bf0c7ddc872a30cc""",c5evlixnbyadwe3fubnj.jpg,false,NA
"""a209a367a0dd537f8114195a5080cbbe""",avo572qscwtna9zabkqh.jpg,false,NA
"""cd8dff3c087c4af8414a3111fd2c2555""",auilwbtvh9uaja67l0wz.jpg,false,NA
"""801c7f203c3a311ccacf0ed70d8f04e9""",bdhcufr7wegmygjvxzvf.jpg,false,NA
"""cd76314becc0a0a187a0d2f8919ce371""",aeqjhvncfjzvuibqwc0w.jpg,false,NA
"""e997a036d37282d641af14bc459964a9""",b3vl28q1bfqubnfapj9q.jpg,false,NA
"""a01ce8cc37cf4cff59b033accf3dc6fe""",bjgewtzuhlx2hsymjk6w.jpg,false,NA
"""8dbb74689d83de0cb8cf2730aa9fecdb""",bfhxmglmzgluuehl1zpi.jpg,false,NA
"""d71a72bfd9e54384b331e800d881ea53""",b1c1povcjkgiqivln66c.jpg,false,NA
"""0857135c20491ea4f0cfd12973170a56""",bjcsrex4swr2ttb9fzp9.jpg,false,NA
"""d75188f9ddd53db20ba4a380c749f94e""",bq9nxm0yp6isdgjmdxhn.jpg,false,NA
"""990b2b12823f227a2099341f6f77d0f3""",bdzwi9c5lfep8egbmw7f.jpg,false,NA
"""d7e9cedacd108e969fdbfe9bbfa2a1c9""",caaseub1iqfikcfkwswe.jpg,false,NA
"""4b4663bc90173a7967d3b38e0b6026a5""",bku4pvm3myjxuycc10lz.jpg,false,NA
"""c8f2d22ae479b7d175da63389896fe5d""",byt67zkcj7k1spdy5hdn.jpg,false,NA
"""cb94c0eb240499b82feb09a28777bf9e""",cbraqxqtkb9eblcdwcqt.jpg,false,NA
"""bb8fc71828ce4ffe3c3807ce436fea1d""",c2vweieve2bpzqqujfsl.jpg,false,NA
"""41fa1892247c0d18bbf3df3aa198ac7a""",badyqh2ax8oxecn38l7y.jpg,false,NA
"""d75b38b3b211082739d1ce9adb2b8a05""",bjdeo75d5io6jbvfidi0.jpg,false,NA
"""686ff6aea9e21659a82f45d9cf6372e0""",bnve3wytvkkcxhjohlop.jpg,false,NA
"""ff4226842f75b21f822ec25f84b7b5f4""",byyiqt6sbu5wb2ugwgs6.jpg,false,NA
"""ae53a3ae58875a5666e394c7fdabc90e""",bmgfyelety31vziueqae.jpg,false,NA
"""4a4f62d4ab18bd107e0337d6db9246a4""",bwpo4v4swngzp1olnu4j.jpg,false,NA
"""bf88e1101f78008e5909739edee9e1de""",cdzwamsd5hq4wixwg7zg.jpg,false,NA
"""4d0bddc860a6fcd653d86d855618c2a8""",aurbj8eogk919xddhnzw.jpg,false,NA
"""7781519fb4511b78f3c6ad6521144c66""",a8si1kkapddmes9n0s4q.jpg,false,NA
"""b719ab8c8c3b2300109219ce116d3bfa""",cam8cryc60scdnqgeqag.jpg,false,NA
"""990b2b12823f227a2099341f6f77d0f3""",azc9pei3z8tzfz30fpa9.jpg,false,NA
"""c7f25955625b5e39fd3eab8968c8b6e3""",az12pfplskdhzimsoson.jpg,false,NA
"""e3e77187ddb4ecccd43f6408b21899d2""",bnmdwpe2y7mxow1thibt.jpg,false,NA
"""dcb137ec06b27b323e369ed494e8865b""",c2akxtszczge5owvzgra.jpg,false,NA
"""33f9341d6093142add66c1378ef93ba4""",bmav3qtz20d3beabifso.jpg,false,NA
"""7e5f7ad1080caed61f1050a578a1cae9""",b5luxbyebqycvowcm5x5.jpg,false,NA
"""fb2c5f5ad79a4acbcf790a80c14fd500""",cefrbq7sj1afseudvxw2.jpg,false,NA
"""d2531c56e7ccde95c84403abd42cde95""",bk8hxubbdcb6juia7eds.jpg,false,NA
"""90295749a1be98761193be48dc773504""",caegnmqgd3gbxjsueor0.jpg,false,NA
"""3414ec9fcea110f5d5e275487e58d200""",bwjnd7rtfkqthodzomtm.jpg,false,NA
"""d6a5dbda453a02f621cd2cbb2b8c73ab""",d0t6erqreyz6dxircz0m.jpg,false,NA
"""cf5bd6cb9ac7579b372346666e787762""",baihdjydwt3udqmmvmzu.jpg,false,NA
"""1994f619b39982c2342706bf2f060f8e""",bkepwijrxedpz1ng7ip1.jpg,false,NA
"""e2f0a2f577908465c20646a4d0da8f5a""",cawhkjeap9gzwk0syryi.jpg,false,NA
"""f6e6918446fa0f4dd567e4f2b5010c8c""",crg5sdbzpn19wubmwqw2.jpg,false,NA
"""04c45658ea198c5c8f407d7a83299218""",ceu6bh0rxtpyy7y5n24b.jpg,false,NA
"""43cb4a428c1cda0ba277570b20b787fa""",bpyiaqsrfwlkrwusitjy.jpg,false,NA
"""6dd2edebe13d03f6b5a8ea4c99aff392""",acek9isv7ccnrouhsqoq.jpg,false,NA
"""68bacbf5d4de1ecf9603564b952971ff""",crffacrn92zluqsapjio.jpg,false,NA
"""abd590cbfe44b530dd7ba97f7d813bf2""",ctkgraeupyqjbldhmvyl.jpg,false,NA
"""0e96e1c7d21a6b631d4df2cb390ee192""",btmeffrpyhimcc4iabbl.jpg,false,NA
"""98e0d5eaa22633ef2abc8833bdef9366""",cbplkxgpnqnjiceydtxb.jpg,false,NA
"""80c0df4fc09363a142a82a205e0a83e8""",byuma8par5dxo2t52gkg.jpg,false,NA
"""2bc0e59547a163ba884cf889464c01ed""",b938cheblqkfcsn87uvv.jpg,false,NA
"""e81a4063dc6da958e905e8ab6ce6f052""",agonfyik1vrlq1y0phmz.jpg,false,NA
"""80c5bcf63ab3d0aecbe942f8fa682c65""",cdvgorsoemjuyazxnr02.jpg,false,NA
"""115f1cf5f4d59eeb078fdb6b30475124""",aqv8fmg7dfwvahi5ixi8.jpg,false,NA
"""700af19c634caa3788a3720e7520f0c2""",bkmyeecqxfraouxvigby.jpg,false,NA
"""01679c4291e5e82cdc76c6109629a7fa""",ahubdngi0kkvn6vxqq7k.jpg,false,NA
"""5d3e8d79e09656ba048aea2b56b2cfe0""",ay2biabyqfmdwkghf7tz.jpg,false,NA
"""57fec266eaffd61f402e075ecb3336de""",ablwnuqwemruvueqhnlv.jpg,false,NA
"""e59df9be43d07c3724ad5e631e8bebc7""",c0wos6rxmfzok1qhxx2i.jpg,false,NA
"""9a60b2f72563713e2daca96a0e849e39""",awknztzqq88vwy0dyj37.jpg,false,NA
"""25aa3c953c648d9ce7b481a004872ed0""",bhsasltewk1z5flbtq2c.jpg,false,NA
"""407e720ec1f23c7971246b064420d966""",bt8qce2hkj1zr6vshtvs.jpg,false,NA
"""57cc009a631b27b9e9e1c6bf01d88a51""",bg6klqnb3jkg7oi2ba8g.jpg,false,NA
"""023b48941610a0c1a1c23a97b086b736""",d3wziibv67ww9nsdgcqh.jpg,false,NA
"""4c6ecd59da1716b33f8c50b24b6de2d5""",d0enyv6vsr2dqpct5i1z.jpg,false,NA
"""580e94d9f1158a40b423637e933a4661""",bqv2ibjpbauw10mg9r4z.jpg,false,NA
"""0ddbbfee2632c8ce38f526efbe7ae529""",curm0noenhz7sz6xfamn.jpg,false,NA
"""e73847c5e1f4fc44cfa70f97ab4d1490""",cbcorovgdhpz02s0k2az.jpg,false,NA
"""896e5969730a75b0b0304a985090a74b""",cy0qvep7mu8qfpt9oztn.jpg,false,NA
"""00a5078e7a8e354b052b25d20c8fba69""",cs3o6aukdtp7tjc7zsxr.jpg,false,NA
"""16ca253c46103f4acd270a7e17b4fe08""",agu44uq2zimspaz9xch8.jpg,false,NA
"""6ace09ffde806b5723dddb0577e9d4a6""",bzovx4pcoryg3pdzuhvo.jpg,false,NA
"""31b25f4e19ae4b49f028291a8b5e26b7""",bqhgzx3p5tz5si7uz54p.jpg,false,NA
"""5c47e5427e88814fdaaa330d3d320e7b""",brd22toj3i2oyunapl5b.jpg,false,NA
"""4af852b8146657cfa7b4b0eafae40340""",d1m37k5zuticd9kaaq0l.jpg,false,NA
"""928428065834a26d87e939bc4c0f88e4""",cwvq6myjqnkrdrnb612c.jpg,false,NA
"""9b9a16e09a6e6888233549e857c80f23""",ct8nt4dny8utvucdhzi5.jpg,false,NA
"""f7aeb1d8a69b72da968fe0bda9a097f7""",csrki8bmwgufkwncw1hk.jpg,false,NA
"""9cfb913d55ee29019468d67f03171869""",bumsoydlzurjppqumacx.jpg,false,NA
"""0250aa291e2d54c0898b8906fe3c83bf""",cyruobayvtubnfudjbjs.jpg,false,NA
"""a9dda535445a56592fe5cb407fa85446""",d2qrztt0expxtveosajp.jpg,false,NA
"""29cca0d42a2980de67f8bbc9e7c5e843""",d1f2wh2vi8gtlrdv74md.jpg,false,NA
"""0da64dd35421e002619cef5936a3248e""",d3uefr0x1jszqu9sntzw.jpg,false,NA
"""4056d7a20a3917583ca87f4ade32cf20""",brcrqq9rer6qnxylp3i9.jpg,false,NA
"""e0c53eb22b817d100f08cf301d17d5dc""",csgmec2cp5xoneo2stgh.jpg,false,NA
"""06af0f17db231363f430f9e0e27b1cf6""",d3e3dmdbpfroqnpkik78.jpg,false,NA
"""d41d8cd98f00b204e9800998ecf8427e""",cpalsjvsmgtz8q1zdag5.jpg,false,NA
"""14865bb52c3efefadc2862f305f9fd4a""",cf39vdfm87imc69bckli.jpg,false,NA
"""6eaab8c0d3799076b9df708474067eff""",b8a0ub2isqfpssrjtgje.jpg,false,NA
"""477dd502a661f136d77bf1d53e2f0741""",c2zt1wbmz9fsv5caz6qn.jpg,false,NA
"""dae79fac2607f8527c2348535fe21ef0""",byfcwzvgsfhf5wax1bcv.jpg,false,NA
"""410358452d5694916c64723e1066d7b3""",d01lus98xtfzdsriuyqw.jpg,false,NA
"""d41d8cd98f00b204e9800998ecf8427e""",cfuli1xw59czouf1pvu4.jpg,false,NA
"""a5fa84cf43cc7d7d52277c453dde72f4""",cwpbel0k0sabwefqotin.jpg,false,NA
"""4d369633bc5aeb515d3f41066797ff81""",bntitb7tcyys2pm8mkx7.jpg,false,NA
"""e6585d4d777ee3e73a81691654153216""",cuuqhycyz2cd1ltmijh6.jpg,false,NA
"""90295749a1be98761193be48dc773504""",cvbfg16n4nbdmaqgw2ot.jpg,false,NA
"""53cc589b1431714ec60299a1879378c4""",bxdyulyywifvtg3spd4i.jpg,false,NA
"""091ac6c78668b2fb8a42985f03451f5c""",aqzvgnvwr942i9sy9o0u.jpg,false,NA
"""87413c38c936b53e65d8f0af8853cd4a""",cwrr504oxejhl3zwpkku.jpg,false,NA
"""49a5e3fa7ad7b37cb0563e954f45c13f""",a0nc3igwhiy0c3j1lxnl.jpg,false,NA
"""4818c614b3e4f33b76236beeb934c87b""",bzlhgndkkxr671ldwz7f.jpg,false,NA
"""aedca852f318d58c0f7120ef2ce73927""",d0fiur0tgvir0ppg8p4x.jpg,false,NA
"""1e90dee315ae8af4adab1a53c41efdea""",cluypzjkjgbcs7mtxlav.jpg,false,NA
"""e77a0fdeab570348f57e19656529b463""",ckvx7tqweipcpgpbngcq.jpg,false,NA
"""f182e7a317824bcc7a064b96a19015ab""",cpvm4rp1dr8mcg94gobr.jpg,false,NA
"""7888bfbfce2878590e181d3beebd0103""",czprljpv7tp2zrynuwlx.jpg,false,NA
"""7e4c896c4ebcdbd3b41b99b251b30937""",d0jjtsnmfke937jwas6h.jpg,false,NA
"""a7c97205d40de3a82ea8686780579d9a""",ck56lu929uirb8zb9vle.jpg,false,NA
"""a66146d19baea2232ea97163a3390cbb""",aearkeod6aekj7npehoj.jpg,false,NA
"""c174b3d9ffa52ab3a16d17dcf59b48ef""",czmx88wqxim6ttl5smsw.jpg,false,NA
"""2c5cc65f3dcbda4a1b9713d7e9bab643""",d4virvtva7p4arhem2tt.jpg,false,NA
"""b11916d412d574896d333598004bdfc1""",d1nir3hcvjbuonyficqi.jpg,false,NA
"""14eaa4c7b3882aff602c80163f095502""",d36gop794muwijavw5u2.jpg,false,NA
"""705f0684da1fb5dc621a3c67e0245e68""",d1ryj8jjwecl2moimkzc.jpg,false,NA
"""146ef69d001f4218b3a491834642518a""",a7r1tcevdxi99ce7kkmq.jpg,false,NA
"""1ba590acfcfa76c7e0e787074e6b9525""",cpw2dfaib8efuyvwlrzi.jpg,false,NA
"""270226876a8d14b4bbf85eb67c7f187e""",cfdnuaadicrmbyskqxni.jpg,false,NA
"""c608f2dd828872c4b73cadec89232a06""",cw0stq5rqol2kgrhawba.jpg,false,NA
"""785b876df2a3410d7881b80a9a255728""",cfzho8plj4h2d9gqllg5.jpg,false,NA
"""5f9570a2a8bb95bc58b3c58d6cd56003""",d0lt2nkh4gyikm6r4w0h.jpg,false,NA
"""ab1d83ea82bf10a994ab3a5be2e3f0fa""",d2jpwen6a6n3grn3wzlq.jpg,false,NA
"""f7529c8c73eb8e73c54789e17edc55d2""",bxaqrnrdnrobgg2seyug.jpg,false,NA
"""87a2f15a0cd44352f5b880f8b7874991""",cpmpt1rumuts6xhqtfrk.jpg,false,NA
"""ba888038a7ed6c85b6294f2fc195873a""",axmrglk0yiypec78nuvp.jpg,false,NA
"""abfdf469400a881a684da93a09fed030""",cqvnfmelxrv7ymwjrib2.jpg,false,NA
"""fb70eb00636508e9f2bd5270943795a1""",co6jwmkfjspxjse9meae.jpg,false,NA
"""9c4a1b4b68c4ae3442985cf58cc36c12""",b0xzmvparn3xtbfiddep.jpg,false,NA
"""346cd529d5c445335da520280379860c""",cpotl4paeeqiw2qmmklo.jpg,false,NA
"""8209dd64c788ddf33eb6cb3c42525057""",cme8pywwxw0qrguifx1l.jpg,false,NA
"""21cc97939f3e60711ee82a7005ae1d08""",csc5lrkyk8pnyobehps4.jpg,false,NA
"""5d7ffdb73c8d1e95f5346666f42155ce""",cpltqnmgbe3ip57wqgyw.jpg,false,NA
"""9be220b939d5bb3d5c921ea873be1b49""",cmhlg84rxcjycimqewit.jpg,false,NA
"""b21c5545a022adaa2869980ab43faedc""",bszrh73czxf2alxubr7b.jpg,false,NA
"""51980f0d7456578be7cc00367cf63e2b""",d01mugxtujtrvaa7tpag.jpg,false,NA
"""a1a82e46ae61b4705c745718a1eb87ba""",ckqr51cabs50tuohyffd.jpg,false,NA
"""5142e25aa181adfef8fd27296abb6b77""",ck3a4e0voytp1fxnggv1.jpg,false,NA
"""d97465710fa0a06c5a99d2e82c7cdf80""",cgl81c82hk52mjwmahav.jpg,false,NA
"""ca9722071c41d3be7f5f6754cc03c1e2""",cieclwn2cr5ru5ytppsx.jpg,false,NA
"""eb76968ac4027655e10459fc6b702c43""",ciivcfubcve39sj1duhw.jpg,false,NA
"""6f61fa378db24c9734706a0eaca4f490""",cjxg5t88fni7cqhw9upw.jpg,false,NA
"""55d546763a81053dff82869012c53480""",a3idt9pox1hm15dyg03e.jpg,false,NA
"""e0c53eb22b817d100f08cf301d17d5dc""",cjepu32ajtnyzhqvn6b9.jpg,false,NA
"""b363f0df3d07a40b3ee23cdc2538262f""",cvrvwipdvrwnyqy095eu.jpg,false,NA
"""79e7d4685f27985c92de2f59aa1707aa""",csatw8o19cpkkhamcn2l.jpg,false,NA
"""70f5ef1deca798eb9b097c7a5235a3fc""",cmuigalmx7gvpb4exgpa.jpg,false,NA
"""e0c53eb22b817d100f08cf301d17d5dc""",clmlo5ddsfzokqtal8ed.jpg,false,NA
"""023b48941610a0c1a1c23a97b086b736""",cix0gr7ht5sekiy7wm4o.jpg,false,NA
"""de4ef39add3fbb78c8f800c3c1877c42""",csogxuhsc6cayozo30gd.jpg,false,NA
"""1db780e0f57243254b317be29f7a5660""",crwnup5usswdigjeys8j.jpg,false,NA
"""180a2644be42d1eeb3b606fcf469b822""",b9wsv4v4hbshiozqrbdb.jpg,false,NA
"""878b5c8cb6acb2d1a39f6c4eba25d810""",a3fotzoxhljerh2hm0hu.jpg,false,NA
"""12fd25cf88171246c00cbdcbb27dfc8b""",covzs5xlwk79kmkt37ai.jpg,false,NA
"""e0c53eb22b817d100f08cf301d17d5dc""",cquk1kdrlgiavdqer2dm.jpg,false,NA
"""512f96df5d4e4efed7458770e74ad4e8""",cyysrsrnbsahjfhwv5rx.jpg,false,NA
"""66db946c6f71092e14826d27cec32aeb""",byo9rzxzs7fiihmb9jlq.jpg,false,NA
"""3a4fe0fae165b1246227b37c442055a2""",ctxcggh3anmgdi0q2tup.jpg,false,NA
"""b654500519c19764655cd634b805d1de""",cpj3kpws2dijgeqlkw6t.jpg,false,NA
"""ad6e2a063cdf3392f4d8ec30e286af35""",ckkc5hoxrvlibopceeim.jpg,false,NA
"""24709bf1b51ec3ca53063940454a04c6""",cjhbh944sapskg5mg1dp.jpg,false,NA
"""cfffb6ef110240846aa9ddb8c72851ad""",cwq5dhlvjkobytzisduw.jpg,false,NA
"""86e37091805c990d1e51a4f5201105aa""",cfnmi4lxcoubmffmrgli.jpg,false,NA
"""d41d8cd98f00b204e9800998ecf8427e""",cfuli1xw59czouf1pvu4.jpg,false,NA
"""656462417b61d1440c4ee7ff6554b4f7""",cnkbe1bl2xykpg8aodlz.jpg,false,NA
"""577f0860daebf53d9a8fe2f3e9fe1ee6""",cnxhmo9jqh15i7mvjfgb.jpg,false,NA
"""92e98b2e9a67f872ef694e2eca907fa6""",czjmexf0duokmyvxeaso.jpg,false,NA
"""97bfa2f4bccb1ace10b0d56a00f3bdd6""",cb7uhhdj2uvbcdxft7y5.jpg,false,NA
"""e0c53eb22b817d100f08cf301d17d5dc""",cfsz4747xqdqqsl52drc.jpg,false,NA
"""ac4439da21cf0228930b72798b4e78d2""",cnzds3zpdrzhm0m8bsej.jpg,false,NA
"""111d52beafee7da5f248e80f887c4b5c""",cfzzwrpcqcj6ocq6gcvg.jpg,false,NA
"""905ccfcf4f3742a19a073cb512327374""",cztlzpbknrejxlekjjpb.jpg,false,NA
"""147811356d08a41d65f94d4ebc9ccec4""",cxyldbq2z8zw4xko8t0t.jpg,false,NA
"""87f01380f021af381af4bfc42b701225""",cm84cjjepvb7h28jnarm.jpg,false,NA
"""924eac5ad0a38a989977e952eaf5fea1""",cst9ahy6zyzdof9qj2h4.jpg,false,NA
"""56aed3b001a907de2130d334cb907745""",cqarg0lx71vrsvhiy2kx.jpg,false,NA
"""d2adbcbc214f919ba2f953295fff95de""",cnkhnr5r7wau2eyi4oo6.jpg,false,NA
"""8c0e13f79fdff2350a8f7ff5ed971e1f""",chtmlhsmz8efe9tbsapj.jpg,false,NA
"""552221e8a5d8e39e3647c2b58fbd802d""",cumucplnh58z0sv9zxgl.jpg,false,NA
"""785c0ce579576c750c2bf61872f3e678""",cyhxqtfuotvslpiir7rt.jpg,false,NA
"""f7fb622d2c3bb4db28b7ad38cd1d1005""",ciauf8a8ofwyyxkmnkna.jpg,false,NA
"""ca132a3640e101f708ba51b083d9e7f1""",cwhse9racpn33mf8vdr6.jpg,false,NA
"""990b2b12823f227a2099341f6f77d0f3""",cgww75ihwfnp9v1tjupf.jpg,false,NA
"""0fc761a38aff4e2f24f4b8ba910490af""",cmg4wgn2lc7vxolpxasi.jpg,false,NA
"""1cbe957e8365ea56d4cdd377b5ff378b""",cwkhjcagdmvh5qmhyqs5.jpg,false,NA
"""3ce290695270f6ec1c4eb6fc207f430b""",cuic3lifbremwsvnksja.jpg,false,NA
"""ede7ac9b9cddc56ea28c707fff7b7236""",ctcycoc21jucdbeni4ap.jpg,false,NA
"""f41396fbdae2bedc670f0033f799bb7f""",d1v4b05zhtdowpjrchho.jpg,false,NA
"""2a4ed3ee1b391e93650de9e073f36834""",cl0b4snf4hbvojfelpqj.jpg,false,NA
"""fdb96b0285753c74299b7fdf85eca2ce""",cxlwpmzy21qnvyc4tskn.jpg,false,NA
"""e1ea26367b6d5aba39004b940feb008f""",czuydddkzgwefsns2vjb.jpg,false,NA
"""d738a0e731501aef8ae76986a79ac430""",au4k9nlndngsmnryuj85.jpg,false,NA
"""00a0e11b17b17c16118f546d80f4bb79""",c1ezo21uvzqzpwi02cxp.jpg,false,NA
"""832532ac7c50f3fd8088f5b7647363be""",d2snenda3oeqqlwgwbp4.jpg,false,NA
"""e8045b56586e10b51d3cec129d453c31""",d4puboqpa3xv3llywtir.jpg,false,NA
"""2ceba1fc767608d4f305294992d0ef66""",ckyooyofikxrtoc6gcuc.jpg,false,NA
"""caba24dd67c8456e374744fcc69c73b8""",bs5nes60ippdy8qyhtdu.jpg,false,NA
"""3f3053d9636b6c808b1239a8e537f29e""",cgwvfjpnylchblyq4fqp.jpg,false,NA
"""7d31622a11c9d314034a400ffc1c623c""",cqmblmkcpzrdhghnz3il.jpg,false,NA
"""295528f4dae0885799948502d9a04e5b""",d23csf3aacjinuxyfevk.jpg,false,NA
"""54ab7a21251ed14930894b98d316c641""",bwkf6emai2cohftfgrnm.jpg,false,NA
"""1118373da3b501be4725f6cccb3a6a80""",cjb8v1jov7l1zsypbclj.jpg,false,NA
"""2381b53b01b79d803b22903ef0e38002""",azlqymrrxylklnhjro1x.jpg,false,NA
"""d5f41bdf03e3d5b72666dc36978eda5c""",cimpn4a0svmohjna6u6a.jpg,false,NA
"""583ae9fe697c273df8dcd6588e4e49ef""",cffqadls2engz5ew210o.jpg,false,NA
"""8d3038b44253af3c8d2dba013ec034d9""",cingalxmhzicyxbgchpu.jpg,false,NA
"""1615ba668015aef6e656e7dcfa2758d9""",cvkv6kuly0lbmaw3d7dy.jpg,false,NA
"""4bd3f0eddfa60b40721c098a14633355""",bs0yqtxqsx1mzdkklelq.jpg,false,NA
"""fa441e9c10cfcdc783e301629265c4af""",cnlmhjjbhviyymadyo5a.jpg,false,NA
"""4c44364982c998ab771c14c8b7bd1949""",ckdofv7m9lvgpqw2z5f6.jpg,false,NA
"""bd7db3b7f90ca74ac58774911a68fc90""",cns5uorcqieb24poha4y.jpg,false,NA
"""5adf5cfef234c646d59722222879b3bd""",czw4xef6vrwpszaorrvc.jpg,false,NA
"""e8f13012eb20401c3e1036e939da956a""",cppkuk75xzlbzmkbmu4b.jpg,false,NA
"""4d3a3cd0919c45885026e226f58157a7""",cjn8wuh9yevbnns7kc3k.jpg,false,NA
"""a53c2d204c8195ac007ad077c7ae864c""",c1wk9wxlhrjyvn1qqnhz.jpg,false,NA
"""db21e0ab52af03ce383068c3cb57ec48""",cuqh0le1hsoqiwnamnzi.jpg,false,NA
"""1040c6a2985dc96dff1d8a05811f3b98""",cq49penfqhqjhkb1av4u.jpg,false,NA
"""0a0470bc51be2f1670aafc8bd950cb2e""",cjocuqynkawvpu6oseto.jpg,false,NA
"""ba0e0ad59a421f3e01184ec959190a61""",cr21h8jztxw6fwqyv1df.jpg,false,NA
"""9c2c1d7954df333b3edb68dc9427ae01""",cm3r17szyfw5jgj8kidl.jpg,false,NA
"""e3c4325a46cf3d4574d3d326f5340a76""",axg2svxagk9f0eqznn7o.jpg,false,NA
"""7f1087de4b3802eff5478799f6e249d1""",bzxfu7lmuej7t1tuvsyr.jpg,false,NA
"""18d1d14078691fcdb83c14fdb92fcb67""",cgyopgzjopaaovdek0qs.jpg,false,NA
"""7585331dab49f8a54b2320a49d1b95c6""",bt4ogrni41wkcwj8n28c.jpg,false,NA
"""a2d8468d901dc5566ec9331fe6f12732""",ck1byl9d2icpkkcqyie2.jpg,false,NA
"""c1f007fa6db12882d83a604be2d0bc24""",clw4g9sovlgo19moy7c0.jpg,false,NA
"""41892f83379d184e1ff1bdd0c6d65d6b""",cjfubyv8pn0miboz5jil.jpg,false,NA
"""93af6450a9224be3d0e2932267a0b726""",atxry1hqoqaebombgxlp.jpg,false,NA
"""dc9e2db6833d78a027f35f9da1705dd6""",cilxuqa8ma0oshzhztom.jpg,false,NA
"""f24a4a3351c719850baa24c937ff83a5""",cw1s9ds9rjuoecq8zruf.jpg,false,NA
"""573a310231fffc75ccf1395e2e060ba0""",cg3h6tvnl8yneryzkdv2.jpg,false,NA
"""55a4a9cebd87f340f328886ad2d560a7""",ck3uwle5qqz4z8gzwcmn.jpg,false,NA
"""915eb92ebd436b80818b7ab2d2868004""",a2kqpcnqylxrzfmkndcl.jpg,false,NA
"""399c3139fbd508eb6a54831fe4343645""",c9gixsatqcczclqhs2i2.jpg,false,NA
"""beaa6adf46e967aaf6c474d85ff83fbc""",ailt1u9vtijws7htkrlj.jpg,false,NA
"""559c1daa44d5a2dc3ed4b1281efa575f""",cfvc0rfkdgszygegsbpx.jpg,false,NA
"""84515f5dada9891fb4164061cf67ab35""",bjci5zgc5iophnqiebbf.jpg,false,NA
"""da1772bd39802cfa55115d6150a2478e""",cu5h4eyozgfxegszhjpr.jpg,false,NA
"""0ea6e3cbbab916798cd1cb1e7e2c9985""",budtnkpfvd03h39ybnvb.jpg,false,NA
"""91c338d874d7a17d299bec9cd4abd74c""",chfxabpz6pfxfgrxrzfj.jpg,false,NA
"""f223a7feafc5c2e778dd592595b49c6e""",clio3cvdmxcnlchj8sex.jpg,false,NA
"""8d2bcce6e913f7e7e17065c175e0c0eb""",choglbjenozsebkyook6.jpg,false,NA
"""479aa134da5a6be958bfbab2e4e64662""",cjrbasgz7yqafzbxggah.jpg,false,NA
"""e9589a48beb47e53470ffcb848ff0ee5""",brkxs2tjvie9udf4hgpm.jpg,false,NA
"""83cd88c3092f9d4510fa25d0311020ce""",asqgnnsolwnqdts3logy.jpg,false,NA
"""83ee7be43003abb3a84f57308ae4fa05""",cxqspqkgy8jzsvkxwvep.jpg,false,NA
"""3cc895d3418609ee41822555039f125b""",cfkau4vwhcfr1n0r9oyu.jpg,false,NA
"""3582e062f580a6ef3a2f1f2bde7027f2""",ckyv5onqjm5y6avdglx2.jpg,false,NA
"""d20536828d40f832c07a8dab515442b3""",chb1cf1aaizcixyazjfu.jpg,false,NA
"""3bbc6330de596a0a0c12bf396616b0de""",cukhszzsnbmngafank3x.jpg,false,NA
"""809f932891402a6bc010fab8dd825ec2""",cha0pouop22x4bw3d9kk.jpg,false,NA
"""4882f76dd7f109d13c60397ba3eac866""",bg8ef3gkpkrwxrl9kpgs.jpg,false,NA
"""e0f0adcbb35d6c09eb3f8e63b8eec4d7""",bap2imw6yw9mhzqc0a8v.jpg,false,NA
"""02656f46fe8fc5d3ad38c99f1d663bec""",cunvu5abtqla1zqhfloo.jpg,false,NA
"""407e720ec1f23c7971246b064420d966""",cijvgsvifiwmbqbmltfi.jpg,false,NA
"""9766a33ab7604079f41add3a179339df""",bqqfkur7x3fet6bryur9.jpg,false,NA
"""fc152f486f2161a64cdfbe1034fcf38c""",coihnwo4pafoioq0okdl.jpg,false,NA
"""402941b9f3b91e455253108bf874fb86""",bj1jfhubi7vqfbpjrqiu.jpg,false,NA
"""5706f00a68966055719ba1ac40f3b2c3""",cgimirl1b00hf7w7gvp5.jpg,false,NA
"""54a7535f0d6d1b2cf14e191a84a9ba2b""",bnhda6tlu3gxt57u4cpa.jpg,false,NA
"""fad2ce74d7ce21a965073b2674921eb1""",bbnqjw7yyikxsotnwrws.jpg,false,NA
"""140ea798e306ff606e2d16014846cdb2""",cijcyyhszrzfofjvgj5q.jpg,false,NA
"""691b3f44a7b7231ddeacd69d04a27e9b""",dhtpj0n3wuoqfxacmj8u.jpg,false,NA
"""3d9acaa9c6bf7320743fb23aad9db5ff""",c3zhfwti62msjxp3ab1v.jpg,false,NA
"""ed510b1718a6ec4ab90d98154ad223a8""",bfecbw1seaa0oaxc1ayw.jpg,false,NA
"""466ae47907929edbffc6509ca019c29c""",djgc3obw2inogqvtjvmz.jpg,false,NA
"""cdc9b8ed134792df3513dc8ba2dc00e8""",d9ani6yyu3zsklvdyqvz.jpg,false,NA
"""b79eff95c1be053639a6c99a769f84a5""",dfdscu6twpwdmoook5yf.jpg,false,NA
"""1355b4a2028d44b07df9b85f8c45f364""",brufyvjquzffln0nnv0l.jpg,false,NA
"""9e7568a826c0858e219ea7b20b007a52""",czicctszifeh2qwpraip.jpg,false,NA
"""451f23b72a20f81c5af6ed6d6c7df9c7""",cdhyfiybnh2dtdyimuqh.jpg,false,NA
"""8f3fe5b615d2da9625942fa4cc0e73b2""",d6uzs5p1zgbaerjnefmm.jpg,false,NA
"""aaebc9a3761d5a1551fbbc30ee8097c1""",cadqnjl9nyvhqgneg6zd.jpg,false,NA
"""284b66e32b3187909f125a730f5d676c""",bjqocd2wk4vozshxme1b.jpg,false,NA
"""37172e07e0c1cb8c200186f614331794""",djhq9s5yqya1ukd3gswu.jpg,false,NA
"""8870dad1e57e4230618a58b78e733b2d""",ckdl3tywuddxcqtstsoq.jpg,false,NA
"""cc34df3cc460d8dc5cddbff4da0e8eb0""",azzaawjvagzdr7pbitwi.jpg,false,NA
"""f0ebd6365d660177a5ce9de03e99b43c""",da7u5td4o50mbgx9rqcu.jpg,false,NA
"""3d8cc9e627abc3e1606d97b02c0ebe93""",d7ldstjqnzgcx6imvg9n.jpg,false,NA
"""0f475dca3672e796e4cb037f2bb64427""",chrgeiys42aknccjy4rg.jpg,false,NA
"""bb4e6854aef789950dbb065cb7122169""",dh5fbcbzbtumn5bts0fp.jpg,false,NA
"""1c5456360697deeae17d53f28b2a3059""",d4d7nghudkgq072jgwnm.jpg,false,NA
"""155c79117b70d0d8896f1e76df7522e9""",cwezsuvweysdhdg2x6zp.jpg,false,NA
"""dcadf95cb6cbcca7d385964701f7facd""",bfzlyuzql6f6kspuyket.jpg,false,NA
"""82dd193456e8c20ae9512d11500b8b70""",b49fiqagsnx2kybpdwa7.jpg,false,NA
"""3cf9ab5d88a85f63f35b93ee5943c58b""",ddibyi4axrmn6hapd16e.jpg,false,NA
"""63364a52946c6e881e07d0fb113d9635""",bscwrhhcshqdthmshmzd.jpg,false,NA
"""6906c0fec195577ab80f500aa2beaa43""",d5r96thpxuu7bj0ucox5.jpg,false,NA
"""ab21e8a28bd6b6e6e4a08ecbbbb0c070""",d2zyrzku9ykyyxusrifi.jpg,false,NA
"""fbb63382dbfa09e9db40e5bfefa0628b""",cpdx2k3ixwifxtsklyrm.jpg,false,NA
"""a8279ecf5e5b8fb8bd33246b1e2b0df3""",dfj3g9ws5jzik2vh08i8.jpg,false,NA
"""57a0331dd6ad34c31c1caabfb2547ec7""",da36lmqldiluvushbzrr.jpg,false,NA
"""93913b97c752476257e953a8aa15b84f""",dev61wmqh5z2m7prkwj3.jpg,false,NA
"""5a9a5545c6ce6ff531a35b108910b987""",d3zemrylrca1okb8poxu.jpg,false,NA
"""e90724d0a108b17035155ed92b01db95""",d1sp3sqbtf1jjczyttoo.jpg,false,NA
"""50482adb8ada7101e323c1bf844e244d""",dfxzw9rpmqxbbcw0dngg.jpg,false,NA
"""45b1b0ed3dd91be198f02b41d5141d40""",cihrkusmimminpk6zu4p.jpg,false,NA
"""b98b2e4aa3c42a012653460fa5983e34""",chqf2qxnyycdfqy7qf1y.jpg,false,NA
"""76f811fdf1b82201d6c95bd2ee08ab83""",bxwdhvoe7ox1ong4oacg.jpg,false,NA
"""47e7ec938f5f55f9cc7e63747916cf11""",d6uecs7hycc5fwea6upp.jpg,false,NA
"""990b2b12823f227a2099341f6f77d0f3""",djs5vu1khxhzkur2jcre.jpg,false,NA
"""c95ded2201d5e6c08701dcfb4df294e4""",clvdohpzbquraoajq3tb.jpg,false,NA
"""1599c35bcf527db94bc3c2c17c76c04d""",aakopnupybr7wdidazzf.jpg,false,NA
"""0e8f75ac87eadf066e66e25fa1f585c7""",clk2adqw3hzyoqsmwmjo.jpg,false,NA
"""3c7cdb9ebd8895301c41f8a206380e8a""",cvmlh3v7gbqqywkdpjx0.jpg,false,NA
"""91a30ed8cfa00da0205c633155afbd68""",ckto8kbhleo8vttfnaz1.jpg,false,NA
"""05557d784af566b94137f36dd0d6a572""",dc8o336xhzriaqdghoqe.jpg,false,NA
"""2dc7d8c558ddf0cea6ab48177261b277""",bt9jtlb26ew7e3en3msr.jpg,false,NA
"""be817f6c0e5afd6fad4a78dea62a0813""",dipzeoufxcxoaevzb351.jpg,false,NA
"""2f047da17b2a9c198d6fb1de5d3dcc72""",d6v5ybbd2jagtigkiijq.jpg,false,NA
"""9e5e1b8697a3959785172ac12863032b""",awvbwnq01rorjv9ba5cp.jpg,false,NA
"""841320f876613f0207c89246ec51b8b1""",d7owczoypvkq3e2ikj4c.jpg,false,NA
"""6ecda2934be1ffd896281431443e0b2a""",cnt4yvgrgcbojmwjhpvc.jpg,false,NA
"""dfd0d4d57945a212b1bfa72f0982bab6""",daab7rwx4tauganx6pds.jpg,false,NA
"""36b3dbd8a4c836cbe42b9abb16851ffd""",da6ty3t5jxjvndwwbn7t.jpg,false,NA
"""f0bf4f9d4cf07b116020cb4a4188a360""",d6xtaqc95d9cj8mjk6ik.jpg,false,NA
"""2e91eaf35c10ed0ed924d3b29e5c0be1""",dhgrqfasjqhi4cbvttqk.jpg,false,NA
"""862b0e1c29283d9349695af770615e03""",cylpwaeaezycmclosylj.jpg,false,NA
"""828b92157d6abcf290f35d0bfc2716c5""",bmydgbyogxhtuhs5ugwg.jpg,false,NA
"""155514a30667d7eea624d26f391b22d5""",cle6jw2ztswkx6aiy8sr.jpg,false,NA
"""a569b63ee6fc0ee2a18c8558873e5d83""",dzowjigjjyk3oncdrcnb.jpg,false,NA
"""262130d0b7eed9214dd66b32ecd97dea""",b8cxls6oaw7cjfwr6n1s.jpg,false,NA
"""05a1535aa0e7121a893c5c304a66e8ae""",cyyyzpigv1xxhllwnfol.jpg,false,NA
"""61811f9dccc11d7432bb5355634bcedc""",eafr6kensqjd5h32l23l.jpg,false,NA
"""d83000f004083112e5e9c7fe693c73c1""",cvd2letx3axhvke7zkuz.jpg,false,NA
"""6bc26ab07a5002f71f3f67e8d1375fd8""",bpw5vq9swar15slpyic4.jpg,false,NA
"""bc2c74e4df792253a21f38417559f50a""",dctmijbvllhlmx7hnyxq.jpg,false,NA
"""40c9ddaa5361b2d64314fed94f060038""",dxcyk4pzwfauju7ujtvr.jpg,false,NA
"""a60d06a6d919ba58fc2a2ec499a1fad7""",cnksfhmxjpmos8m2yvdv.jpg,false,NA
"""05d8ec1edca2f5d2c3c3ecf5628d1352""",bgnz6sayjruslkzixlfg.jpg,false,NA
"""aa50829e14c2c3a57ec9deabe368c284""",cowfqvehkwd5hyuapmwm.jpg,false,NA
"""072c71e76df41919156c87b4f2b51a3b""",bk9vijgepmswkfc0girk.jpg,false,NA
"""a96287a8c2b54726b79cb7a4d794cf00""",cqlg6funwtaddwfwxfej.jpg,false,NA
"""1d9316135e42fa54b7056c240779f4f6""",cuinlm0pofb4comqj8tn.jpg,false,NA
"""10cd056203cbb0cef1f54b713afce051""",d7upktlawlwdluayf2m3.jpg,false,NA
"""15eb1f34b3832414ebeb5d8e3d9f67ed""",e5ncvn4paxhfxqgbn4ed.jpg,false,NA
"""2aece2c03f9ec0073bfffce6bbd7ccbb""",dcaj3wlbfw8zzxw57rq8.jpg,false,NA
"""0fe2add40e000604074100d064262068""",crhdsdgjl1qnhudhtay3.jpg,false,NA
"""658096678aa43bca96ca38ca9119d095""",e29g8kepmqycskaiddfg.jpg,false,NA
"""cf4490729f3e5d116369fbadf5b4d744""",co5axdrp5912u42dfbjz.jpg,false,NA
"""b291eeebf597208f264d851f433b127b""",e3cyu8c4zek7uudhkovx.jpg,false,NA
"""acb432648c02f159448bb185b32bdee6""",e9whsrmtj3b4qaleyukp.jpg,false,NA
"""c62b74e0e4a4035218de68ef8fed7ead""",bpattfc5ogj4soektw1s.jpg,false,NA
"""cab22b244fb765d6446736c82fa52f83""",dxgfig4gwje5n5n6hkt4.jpg,false,NA
"""188149983bb945a2dd56c3c4ab67b7ed""",e7kgv3ju5xuvg9xrrxea.jpg,false,NA
"""0f48f9ff5528745e84b031ef2ca97086""",cyu0qfj1xq1xhrnmozjl.jpg,false,NA
"""4fc115c10ef74c31cf1dea091cca17e7""",ebafx0q2hukzfukjcz8h.jpg,false,NA
"""a9390da700087204a7bb4fcfc255e1fb""",ceahsml1ldeim9hllhaw.jpg,false,NA
"""0471031243dba19361ac737fe55a7093""",eadjewbjoqqxb4yfec35.jpg,false,NA
"""4980757bc773d5a181b01e0a6630cf45""",cjej6iag33avkadeehbf.jpg,false,NA
"""ace4a3bfd12e23d60db135829a711bce""",djcznmsdzhrhs0apkj1k.jpg,false,NA
"""40cea4b616c11e157c06de6fc3a034aa""",e73gkgcnc4xkhp4x1wht.jpg,false,NA
"""8a75320c94af0441d854cf37df55060d""",db4dyffplbd8hwfmi7ic.jpg,false,NA
"""ffeddb26933a5f3d6f30c07d64b159f0""",e8hoghhfemypzcflws1g.jpg,false,NA
"""7c093e709ac3f17e87c918fa6f3a5b3d""",deehlsaozrxcdr4sl6uo.jpg,false,NA
"""2f71d1aae65ff2451032cb871e270470""",cgt29ur1krlsrrn0wn5g.jpg,false,NA
"""7e96a9908fb4fae4813c656dad411606""",e957vxfi7rnj0rvzgjum.jpg,false,NA
"""859c60e5ce19b45ced88067958e8b695""",defhneiynncu7gwt1ur8.jpg,false,NA
"""e0c53eb22b817d100f08cf301d17d5dc""",dxwy0gxe0v5figmajtfb.jpg,false,NA
"""02f48bfb93f292531a9494b8839e6567""",cgy9pswhfa30myqdlrwg.jpg,false,NA
"""57d5c04db0d5c8be4f61299426227671""",e2fyidvcjpqbhtuzn5b6.jpg,false,NA
"""6a713007d1d306aae6649d8d11af9579""",e4kfm4mogdun0g6disgu.jpg,false,NA
"""069ef2466c548afc50a7075c4e5a7d22""",cqomel2chu8oghtlhv6d.jpg,false,NA
"""09b7ec5c11a132694a643e11cfb13fbe""",dzvoyh63f7pkvv4ktr2o.jpg,false,NA
"""311a11390a3482062ea9d8b60b4a0170""",dagoytajdsr8wlzjfffh.jpg,false,NA
"""8b9cebb49388553be61dd2aa6afaff12""",asq1qo8trbvlqzr7hcxp.jpg,false,NA
"""f6528c2b7d715a8fcddc1b3f96a54786""",cykhal2ngdrg4akhruai.jpg,false,NA
"""ea60f35eb2c8fd41ee5a48f749772fd8""",avglbhrfjqskbqdewtzk.jpg,false,NA
"""c6b8942ae0986e712002b17871d750b8""",dvgdhdlxpq64alrkp0x4.jpg,false,NA
"""be6fc12349c8bbe368345cbca2c72dd4""",dzniromiyoooubw7duci.jpg,false,NA
"""224ea2126b7457e405c3dbd8ee1bc15f""",belsnhx2cuskzfdslcoo.jpg,false,NA
"""1a4cbe435336c4b2ae0a3ae3c050eea3""",dy20x9ulhacasqw5z7bx.jpg,false,NA
"""bef5bb105cf480e0ccc5a1c3f74d0d3d""",d6kcjpy3qdhuwi7uckye.jpg,false,NA
"""77f5021f775661878aee56dd327eafb8""",bsoq5binxrmrcu0hmak6.jpg,false,NA
"""dc2b8e797ef66401bc39923cc88ed4ed""",deea0pr0pc7e8mfezoim.jpg,false,NA
"""d900fb5a8f01acc4794ddf23a226fa0c""",dekk5z04a0yhi72wk62s.jpg,false,NA
"""20f2a20af7b5826ef0ff8c48c52cd106""",b0ci7mucjuchzjbnpypv.jpg,false,NA
"""eff17e8876eda319c743e8d705c50e0b""",dympfzalmqbyob0tpgtd.jpg,false,NA
"""e3d3237f90ce52830c2a1cf5ba8764b6""",chyt6s7s9l0zo1rsomdu.jpg,false,NA
"""3b514a4e040eb007050eb1787714ab1a""",bekgsgheprdjzwpfvbby.jpg,false,NA
"""69ce2c6a1a22539f32053d814df6232a""",cwa2nh8ti939q0ldssxt.jpg,false,NA
"""fd4b8915337759b488cacf3f350d08f3""",dzqv6gbgyohy32vvhfvj.jpg,false,NA
"""94efc69c4907fb61b0f3a7eec383c762""",dup1gwhpizdiv23ku81z.jpg,false,NA
"""faaf4c18aa1523af550d152b480f9f62""",efqfg0xjyxpjak3noi08.jpg,false,NA
"""dd7ae6cd2ab0c7e22f40b6685251a272""",d6fecd3j8qvs5ol7zsxg.jpg,false,NA
"""6e70ad1722d28a1ee4845a8f1a5edbec""",as9tfxp5rv7ihcx2y6y7.jpg,false,NA
"""a50c9dbc90a88c6c693dbea51306a8e0""",ehkpzefxz41tjh3qb43j.jpg,false,NA
"""fc40bc7247426ab7acb90c20822b1757""",bui56cjyiybig5adzg8i.jpg,false,NA
"""39811cfa90dd4f569997601adffafd93""",abjcledsnnfqw0zah58o.jpg,false,NA
"""9da750efdb2f852e2c7dd6af95b76224""",dhzw2xnxfnji62v56mco.jpg,false,NA
"""d78290369d538fd4a4cec04d598f4c1b""",dd0gm2ida3vx51lmetuo.jpg,false,NA
"""af5693c971dc6dde987f46a3cfeb5d65""",aakxgnu7vyn2wguifv85.jpg,false,NA
"""afbc7651cfd3c506b42a55bd5f3a2867""",bxw9nqcxkvq1r5so1m4g.jpg,false,NA
"""e2c008e8e4ba5d8bb9cb490cdcf83aff""",d8srq96oiifyzqj6hq31.jpg,false,NA
"""0fdc1da3b8ccb923eb29a8abd75d7ffb""",av8osfx8kbvlyx6jiaii.jpg,false,NA
"""c46d5ba94bbbec8906a9aeea35d526e4""",duqg7xqpqynahuuxa9kj.jpg,false,NA
"""5927800835523727f91b5a1de315f916""",chkpyc6r4lttzc6ihbqu.jpg,false,NA
"""b8e45e6b1bf829f9d660c1c6ab908ea3""",e05s6canmmbk80rcgyzy.jpg,false,NA
"""b5e755d9e6476460454fca1a2c3395e0""",ecdfvta3qnu1b02j3vyn.jpg,false,NA
"""dabcb8b9b4d23735491f1ce98c4b6650""",dfdch0h1w1zeignc1o5z.jpg,false,NA
"""8853e5a0c9a2428224a3b333a5a469df""",egyjh5823ip7sqjc0z1v.jpg,false,NA
"""dbf4edd9ccecf9b5a6f50f51bcb69caf""",e6jux5cmgirov7d8iwfp.jpg,false,NA
"""ec6cd6743e4b522086e489bb9e3baa27""",b582tjpqod6js68uzdrt.jpg,false,NA
"""62418f61f2273237ae1062d846c64d71""",ek3byliwrqynrcair4gl.jpg,false,NA
"""55fcf62194383d3dc2f2c51790820aba""",djas0gpah2arvusfiipz.jpg,false,NA
"""b6fc28ca5e083619fbf5a8fcdeafd9ec""",bwszigyssusyszwz0xnt.jpg,false,NA
"""ced54277fee7f5f64d015983b0e00454""",eiqobjsdfmmv3yhmgfhb.jpg,false,NA
"""e1e2da0179bd29ff985adaddab4cf88f""",cs6zlelzqxyynarl8yev.jpg,false,NA
"""90b45a3d51367a75126335577c8a88fe""",ek2ddjoyht8i5ipytc1k.jpg,false,NA
"""c43f6524d03132483fbfbec177c02c40""",ebecpdmrknpu704qhkri.jpg,false,NA
"""41d48df2dc2dd647c168fe8b6a31723b""",efzmuuoqjgrsvqvegloj.jpg,false,NA
"""62880e4d92b599fada38577a5aa0f68f""",egup1kf4walakhmvcss7.jpg,false,NA
"""960cd41538e0974b0deb339a8b18b2c4""",e4xn6qm4hyl4oazgmvdj.jpg,false,NA
"""ea84dec446220a6283890fe272e8a703""",eh51prflo0dio1pb70bd.jpg,false,NA
"""8e9ab39148b953e3656d8ead3afa63d9""",eg2x5zyvhjx4nwv3yiu6.jpg,false,NA
"""5ab824a64f5520589684744775cf54e6""",cy60vs9mwyj1rg1jwb7g.jpg,false,NA
"""83ee7be43003abb3a84f57308ae4fa05""",bofjw1ighdwmsh4zgjz6.jpg,false,NA
"""e0c53eb22b817d100f08cf301d17d5dc""",dxsxzdwyyi8uxniomzve.jpg,false,NA
"""d1ab0e348162f8cd4d727ea48d16a1bd""",ci9vcfyxsxydah7dyi9q.jpg,false,NA
"""b8e1f6c485d8c8d80343bbe233302dfa""",diqsx85ih2iswhhppdbq.jpg,false,NA
"""9c88412b405c586e2f17f4982172475e""",ecbv4ysqh4cf2iimc0yo.jpg,false,NA
"""d6f1ffe7d8ce47edf40d95900ebdad8e""",ei0htyhbmzjkosoi0arp.jpg,false,NA
"""f0f7454612115eb0f3d9aa3aee0c3135""",eg9pc0kfhggs1dsqhod4.jpg,false,NA
"""057ba6e491ca88312e9497249d34aab9""",cqdgvrz0vbyrd1mxcrw2.jpg,false,NA
"""a487effdaa64e92497c3d85f8e93e8e3""",ejp3whlv9ft5arts4q78.jpg,false,NA
"""c5a99de048e82cc386268fa68cc35ea7""",dfne2xxoo4pxspawnmtj.jpg,false,NA
"""48d12e2162fd90d99ac10a69356699dd""",edds2mrtmgwkopunihrh.jpg,false,NA
"""fc5e06f05c61589e7a984d6195427811""",dulyqtkvmzhtb9j59usr.jpg,false,NA
"""435dd1078730e6e3bd4f805254ed75a6""",a1xtdxmobyaxs0s2piku.jpg,false,NA
"""5facfd13ae80a88759c1759e7eaf8e2c""",axrzbxntaoly4tmvosld.jpg,false,NA
"""407e720ec1f23c7971246b064420d966""",cscoxxkwvmjnrfwedbz3.jpg,false,NA
"""45c4531eee430e77b3c994556d473f1f""",eiyfbw6hs9khyhvk4cnr.jpg,false,NA
"""8d9f00f36107f78cb30de26d4bea0918""",cfrzpy0kge6hagmwwb9a.jpg,false,NA
"""44ed27daab00f5baea1a14aa1c34e7b6""",cejrecsivcichsem9miz.jpg,false,NA
"""ac7c68265e07967ac11c368515179023""",chy0ucqxnaekahcoeowm.jpg,false,NA
"""f093998876ca56c77f0e61270cb7baa5""",efs4by4kyczmlkqivyoi.jpg,false,NA
"""43d6c4365c26e58fc4360d282d042466""",ap6b2io33zjrwvaqzsnd.jpg,false,NA
"""e0c53eb22b817d100f08cf301d17d5dc""",anokod3lkuwbciz5h5sb.jpg,false,NA
"""28dd302b2179e9d32dad93cf1e09ab8a""",cethbt6bda2egvq3m5az.jpg,false,NA
"""c29b46766c4d00743ca526d5e4959de7""",dwutdvqyj4zmc9rhf0rq.jpg,false,NA
"""7d710d918a9ce08e2c497ae9447ed4ba""",dmz6jy9oyg7atx1sqasi.jpg,false,NA
"""66853dfc4c2d27e532e2feea67196136""",dnz6mjnlt8lfyhneohyd.jpg,false,NA
"""e0c53eb22b817d100f08cf301d17d5dc""",b2kxhqbtm7bagjbnyj2i.jpg,false,NA
"""fea15a11c6aafe2934eb0cc10689fc4b""",eenq4hqnpadzsnywlkvq.jpg,false,NA
"""d41d8cd98f00b204e9800998ecf8427e""",emoyxqbwrzlm9ss80tt0.jpg,false,NA
"""83b6ee9f65dd396decf61c9c8f102b1e""",drhe7qrr1ba3n4rovuky.jpg,false,NA
"""8648effeb02472b226999386374b3a6c""",aub0blzoobkacmxculdk.jpg,false,NA
"""7a5bba765b04dbb65ac12bcc42085b8d""",dtag9famwbufpp1bn3vk.jpg,false,NA
"""081ddeb860e49cf7d7ea9de05c86ef65""",eru3u4xgfjtevfzn5uct.jpg,false,NA
"""48714d4330697a3b9fa4bc75577e7b94""",c2ziovccxs1mie4vnomx.jpg,false,NA
"""401c80bd58deaa7365158aa83356fbf1""",crzzbhxkrnivgxx1vowo.jpg,false,NA
"""c3f6992bfda06ea9f72c830a92a7cf85""",duxrppowespyacaxg8kq.jpg,false,NA
"""838cebd708dc66d9818e920000b1bfbd""",ev3i3elmqrskruxd7c7b.jpg,false,NA
"""7781519fb4511b78f3c6ad6521144c66""",esrgyqwwjlnxipaoow2u.jpg,false,NA
"""d41d8cd98f00b204e9800998ecf8427e""",do6fkvjyojhrmvmmar7n.jpg,false,NA
"""407e720ec1f23c7971246b064420d966""",ekkbduotv6y1yzapsulk.jpg,false,NA
"""24feeee7324d130784f440c0225c2597""",cnoco60qxvppukorppyq.jpg,false,NA
"""cd2453d4c4c94a37da4200da6fd271ba""",bisgphehbbyl5irefoxm.jpg,false,NA
"""2d761df281791317c112c3fc166e6cba""",du0pd2shom75yukzsqrk.jpg,false,NA
"""b15f300d8e3ad381091c1025309b7d38""",esqecopszp8csahbwx2f.jpg,false,NA
"""4bcfa3285b57aabab31be34838473aae""",cnx9jfl5grm3avkljvzy.jpg,false,NA
"""0c6bb77f9784be0a79c4d5458268d96c""",a2f6g8x61jo7osurjf36.jpg,false,NA
"""006f733f23f9a13d734376c017e68baf""",eetcumqsi9xp0hot0uxh.jpg,false,NA
"""b5fe157672e848a06f50a5e0932df9e2""",dtu6qhedcjloulm4xlqm.jpg,false,NA
"""54ab7a21251ed14930894b98d316c641""",buyvy2kqjwj9q34swv7n.jpg,false,NA
"""37cfe3a4692cb0d802230cd812a1fee7""",drqncyktndwh5n80bhsc.jpg,false,NA
"""06bb0821ea97b9ffeefdd9da7fc70abe""",eawzrtwtdeqfa0rwzmcs.jpg,false,NA
"""aa975c64572528a7a4453afb8228e8b3""",cw5irtle8tu4roe2xan6.jpg,false,NA
"""d41d8cd98f00b204e9800998ecf8427e""",do6fkvjyojhrmvmmar7n.jpg,false,NA
"""b5e7066c1cace4365a80e24fcb85bc36""",dvopamjktjpyyvyse1oe.jpg,false,NA
"""a2186745f91c9121eb5272d7e816b3e9""",dhgjgez2iod4ypepfdut.jpg,false,NA
"""f4e1215fcb4330d8a1f6bdaebee05be2""",awaxtekecdonehjnfpf1.jpg,false,NA
"""dbc74e7ca6e1d441cd7f58679d4e3b94""",cixtxvpdpkgde92j47nj.jpg,false,NA
"""dacbd5fe043a1177d3f17ba13a9c6f12""",epsrzntgu9avoeinedfg.jpg,false,NA
"""4e6dd0b9407ff8ce4aad95f899e0ca9b""",cpfgs3lycnqxjaei6e3t.jpg,false,NA
"""fdf9b428b7ad8f70a642eeff5adaf639""",dan6scpyoz2m2ock3m9j.jpg,false,NA
"""4e85d195ccfd27cd6bffecf3cc84314c""",dsdnzwjizyektupkuyhf.jpg,false,NA
"""433dca607f88c5243b2f2778d68c87f0""",dl0bmru5m6aiujwframy.jpg,false,NA
"""5c2db6e68ef000beeea69b66ed1afc52""",duc4tvbwezuvy3d2wyu1.jpg,false,NA
"""328a0ad10df8b8c36ee9767eb29ec308""",efueld65mtdbbkxiyelz.jpg,false,NA
"""8d26d7f7fd5e840df3c8ec57d7f88cb1""",etu4awrw2xxboffrit9n.jpg,false,NA
"""057342b053b2db79c483e6f7623cf1a9""",bxwv8y5wgh4qq1bita6h.jpg,false,NA
"""a632c54d9dfcb68a4994534b5096c21f""",cv1o2drjuc9xfiwf7a3l.jpg,false,NA
"""ead4214a655e827bb6f04c78435311d0""",barosgitfzz7lrjuhg1g.jpg,false,NA
"""f38c2048924a071602d078ff75af1385""",dyv5fhboojwe6qkied44.jpg,false,NA
"""0b42f3ca17e779026cab86ae70b20a60""",b1yucastwgphvpjolkzr.jpg,false,NA
"""61bbe452702a0bd7191f72ce9f8ddc07""",dn4o83fuhncpuvhvdkt9.jpg,false,NA
"""0de3448983e4e2bea8d2e2f0cefdab8b""",dl386edew6f5qxluou8u.jpg,false,NA
